native_sampleIndex,native_nativeTimeMin,native_nativeTimeSec,native_elapsedSinceChallengeBaselineSec,native_hrPerMin,native_sourceSaNodeHrPerMin,native_mapMmHg,native_cardiacOutputMlPerMin,native_arterialO2ContentMlPerMl,native_pao2MmHg,native_paco2MmHg,native_pH,native_hematocritFraction,native_totalHgbGPerMl,native_oxygenCapacityMlPerMl,native_chemoreceptorFiringRate,native_chemoreceptorBasicFiringRate,native_chemoreceptorPo2Effect,native_chemoreceptorPhEffect,native_sympsCnsReflexNa,native_sympsCnsNa,native_sympsCnsHz,native_gangliaHz,native_vagusHz,native_betaPoolEffect,native_saBetaActivity,native_parasympatheticEffectPerMin,native_sympatheticEffectPerMin,native_brainBloodFlowMlPerMin,native_brainPo2MmHg,native_brainFunctionEffect,native_oxygenDeliveryMlPerMin,reduced-source_tSec,reduced-source_hrPerMin,reduced-source_sourceSaNodeHrPerMin,reduced-source_mapMmHg,reduced-source_cardiacOutputMlPerMin,reduced-source_arterialO2ContentMlPerMl,reduced-source_oxygenDeliveryMlPerMin,reduced-source_pao2MmHg,reduced-source_paco2MmHg,reduced-source_pH,reduced-source_hematocritFraction,reduced-source_totalHgbGPerMl,reduced-source_oxygenCapacityMlPerMl,reduced-source_chemoreceptorFiringRate,reduced-source_chemoreceptorBasicFiringRate,reduced-source_chemoreceptorPo2Effect,reduced-source_chemoreceptorPhEffect,reduced-source_sympsCnsReflexNa,reduced-source_sympsCnsNa,reduced-source_sympsCnsHz,reduced-source_gangliaHz,reduced-source_vagusHz,reduced-source_betaPoolEffect,reduced-source_saBetaActivity,reduced-source_parasympatheticEffectPerMin,reduced-source_sympatheticEffectPerMin,reduced-source_brainBloodFlowMlPerMin,reduced-source_brainPo2MmHg,reduced-source_brainFunctionEffect,reduced-source_cardiacArrest,reduced-source_ventilatorChangePending,reduced-source_elapsedSec,reduced-source_timeResidualSec,browser-bundle_tSec,browser-bundle_hrPerMin,browser-bundle_sourceSaNodeHrPerMin,browser-bundle_mapMmHg,browser-bundle_cardiacOutputMlPerMin,browser-bundle_arterialO2ContentMlPerMl,browser-bundle_oxygenDeliveryMlPerMin,browser-bundle_pao2MmHg,browser-bundle_paco2MmHg,browser-bundle_pH,browser-bundle_hematocritFraction,browser-bundle_totalHgbGPerMl,browser-bundle_oxygenCapacityMlPerMl,browser-bundle_chemoreceptorFiringRate,browser-bundle_chemoreceptorBasicFiringRate,browser-bundle_chemoreceptorPo2Effect,browser-bundle_chemoreceptorPhEffect,browser-bundle_sympsCnsReflexNa,browser-bundle_sympsCnsNa,browser-bundle_sympsCnsHz,browser-bundle_gangliaHz,browser-bundle_vagusHz,browser-bundle_betaPoolEffect,browser-bundle_saBetaActivity,browser-bundle_parasympatheticEffectPerMin,browser-bundle_sympatheticEffectPerMin,browser-bundle_brainBloodFlowMlPerMin,browser-bundle_brainPo2MmHg,browser-bundle_brainFunctionEffect,browser-bundle_cardiacArrest,browser-bundle_ventilatorChangePending,browser-bundle_elapsedSec,browser-bundle_timeResidualSec
11,0.1666666,9.999996,0.0,71.6791447478653,71.6791447478653,97.4197641390444,5397.26377839865,0.195969827987732,94.8067168062623,42.556299272071,7.40044800768655,0.440007468521313,0.150002546086811,0.200220243571296,1.14753070140502,1.14752649283013,0.495981411431213,0.552573928216589,0.989496610275133,0.989496610275133,1.4842449154127,1.4842449154127,2.03282359480453,0.99969357308434,0.994100343374599,-20.2615126798292,9.94065742769445,814.776878273641,42.2394108959586,1.0,1057.7008542571998,1,70.87841170020452,70.87841170020452,102.7391745548266,5579.076090137556,0.19524782724696182,1089.3024846448327,88.93084656425532,40.80027141847697,7.411396939141152,,,0.201,1.1750579299052513,1.175007404700393,0.5229841986890308,0.5056191000243642,0.9647923259433502,0.9647923259433502,1.4471884889150253,1.4471884889150253,2.1201052012632227,1.0016925117896063,0.9827806232132037,-20.94648051920493,9.824892219409449,,40.81733315844525,1,False,False,0,0.0,1,70.87841170020452,70.87841170020452,102.7391745548266,5579.076090137556,,,88.93084656425532,40.80027141847697,7.411396939141152,,,0.201,,,,,0.9647923259433502,0.9647923259433502,1.4471884889150253,1.4471884889150253,2.1201052012632227,1.0016925117896063,0.9827806232132037,-20.94648051920493,9.824892219409449,,,,False,False,0,0.0
12,0.1666666,9.999996,0.0,71.6791447478653,71.6791447478653,97.4197641390444,5397.26377839865,0.195969827987732,94.8067168062623,42.556299272071,7.40044800768655,0.440007468521313,0.150002546086811,0.200220243571296,1.14753070140502,1.14752649283013,0.495981411431213,0.552573928216589,0.989496610275133,0.989496610275133,1.4842449154127,1.4842449154127,2.03282359480453,0.99969357308434,0.994100343374599,-20.2615126798292,9.94065742769445,814.776878273641,42.2394108959586,1.0,1057.7008542571998,1,70.87841170020452,70.87841170020452,102.7391745548266,5579.076090137556,0.19524782724696182,1089.3024846448327,88.93084656425532,40.80027141847697,7.411396939141152,,,0.201,1.1750579299052513,1.175007404700393,0.5229841986890308,0.5056191000243642,0.9647923259433502,0.9647923259433502,1.4471884889150253,1.4471884889150253,2.1201052012632227,1.0016925117896063,0.9827806232132037,-20.94648051920493,9.824892219409449,,40.81733315844525,1,False,False,0,0.0,1,70.87841170020452,70.87841170020452,102.7391745548266,5579.076090137556,,,88.93084656425532,40.80027141847697,7.411396939141152,,,0.201,,,,,0.9647923259433502,0.9647923259433502,1.4471884889150253,1.4471884889150253,2.1201052012632227,1.0016925117896063,0.9827806232132037,-20.94648051920493,9.824892219409449,,,,False,False,0,0.0
13,0.1666666,9.999996,0.0,71.6791447478653,71.6791447478653,97.4197641390444,5397.26377839865,0.195969827987732,94.8067168062623,42.556299272071,7.40044800768655,0.440007468521313,0.150002546086811,0.200220243571296,1.14753070140502,1.14752649283013,0.495981411431213,0.552573928216589,0.989496610275133,0.989496610275133,1.4842449154127,1.4842449154127,2.03282359480453,0.99969357308434,0.994100343374599,-20.2615126798292,9.94065742769445,814.776878273641,42.2394108959586,1.0,1057.7008542571998,1,70.87841170020452,70.87841170020452,102.7391745548266,5579.076090137556,0.19524782724696182,1089.3024846448327,88.93084656425532,40.80027141847697,7.411396939141152,,,0.201,1.1750579299052513,1.175007404700393,0.5229841986890308,0.5056191000243642,0.9647923259433502,0.9647923259433502,1.4471884889150253,1.4471884889150253,2.1201052012632227,1.0016925117896063,0.9827806232132037,-20.94648051920493,9.824892219409449,,40.81733315844525,1,False,False,0,0.0,1,70.87841170020452,70.87841170020452,102.7391745548266,5579.076090137556,,,88.93084656425532,40.80027141847697,7.411396939141152,,,0.201,,,,,0.9647923259433502,0.9647923259433502,1.4471884889150253,1.4471884889150253,2.1201052012632227,1.0016925117896063,0.9827806232132037,-20.94648051920493,9.824892219409449,,,,False,False,0,0.0
14,0.1666666,9.999996,0.0,71.6791447478653,71.6791447478653,97.4197641390444,5397.26377839865,0.195969827987732,94.8067168062623,42.556299272071,7.40044800768655,0.440007468521313,0.150002546086811,0.200220243571296,1.14753070140502,1.14752649283013,0.495981411431213,0.552573928216589,0.989496610275133,0.989496610275133,1.4842449154127,1.4842449154127,2.03282359480453,0.99969357308434,0.994100343374599,-20.2615126798292,9.94065742769445,814.776878273641,42.2394108959586,1.0,1057.7008542571998,1,70.87841170020452,70.87841170020452,102.7391745548266,5579.076090137556,0.19524782724696182,1089.3024846448327,88.93084656425532,40.80027141847697,7.411396939141152,,,0.201,1.1750579299052513,1.175007404700393,0.5229841986890308,0.5056191000243642,0.9647923259433502,0.9647923259433502,1.4471884889150253,1.4471884889150253,2.1201052012632227,1.0016925117896063,0.9827806232132037,-20.94648051920493,9.824892219409449,,40.81733315844525,1,False,False,0,0.0,1,70.87841170020452,70.87841170020452,102.7391745548266,5579.076090137556,,,88.93084656425532,40.80027141847697,7.411396939141152,,,0.201,,,,,0.9647923259433502,0.9647923259433502,1.4471884889150253,1.4471884889150253,2.1201052012632227,1.0016925117896063,0.9827806232132037,-20.94648051920493,9.824892219409449,,,,False,False,0,0.0
15,0.1666666,9.999996,0.0,71.6791447478653,71.6791447478653,97.4197641390444,5397.26377839865,0.195969827987732,94.8067168062623,42.556299272071,7.40044800768655,0.440007468521313,0.150002546086811,0.200220243571296,1.14753070140502,1.14752649283013,0.495981411431213,0.552573928216589,0.989496610275133,0.989496610275133,1.4842449154127,1.4842449154127,2.03282359480453,0.99969357308434,0.994100343374599,-20.2615126798292,9.94065742769445,814.776878273641,42.2394108959586,1.0,1057.7008542571998,1,70.87841170020452,70.87841170020452,102.7391745548266,5579.076090137556,0.19524782724696182,1089.3024846448327,88.93084656425532,40.80027141847697,7.411396939141152,,,0.201,1.1750579299052513,1.175007404700393,0.5229841986890308,0.5056191000243642,0.9647923259433502,0.9647923259433502,1.4471884889150253,1.4471884889150253,2.1201052012632227,1.0016925117896063,0.9827806232132037,-20.94648051920493,9.824892219409449,,40.81733315844525,1,False,False,0,0.0,1,70.87841170020452,70.87841170020452,102.7391745548266,5579.076090137556,,,88.93084656425532,40.80027141847697,7.411396939141152,,,0.201,,,,,0.9647923259433502,0.9647923259433502,1.4471884889150253,1.4471884889150253,2.1201052012632227,1.0016925117896063,0.9827806232132037,-20.94648051920493,9.824892219409449,,,,False,False,0,0.0
16,0.1666666,9.999996,0.0,71.6791447478653,71.6791447478653,97.4197641390444,5397.26377839865,0.195969827987732,94.8067168062623,42.556299272071,7.40044800768655,0.440007468521313,0.150002546086811,0.200220243571296,1.14753070140502,1.14752649283013,0.495981411431213,0.552573928216589,0.989496610275133,0.989496610275133,1.4842449154127,1.4842449154127,2.03282359480453,0.99969357308434,0.994100343374599,-20.2615126798292,9.94065742769445,814.776878273641,42.2394108959586,1.0,1057.7008542571998,1,70.87841170020452,70.87841170020452,102.7391745548266,5579.076090137556,0.19524782724696182,1089.3024846448327,88.93084656425532,40.80027141847697,7.411396939141152,,,0.201,1.1750579299052513,1.175007404700393,0.5229841986890308,0.5056191000243642,0.9647923259433502,0.9647923259433502,1.4471884889150253,1.4471884889150253,2.1201052012632227,1.0016925117896063,0.9827806232132037,-20.94648051920493,9.824892219409449,,40.81733315844525,1,False,False,0,0.0,1,70.87841170020452,70.87841170020452,102.7391745548266,5579.076090137556,,,88.93084656425532,40.80027141847697,7.411396939141152,,,0.201,,,,,0.9647923259433502,0.9647923259433502,1.4471884889150253,1.4471884889150253,2.1201052012632227,1.0016925117896063,0.9827806232132037,-20.94648051920493,9.824892219409449,,,,False,False,0,0.0
17,0.1666666,9.999996,0.0,71.6791447478653,71.6791447478653,97.4197641390444,5397.26377839865,0.195969827987732,94.8067168062623,42.556299272071,7.40044800768655,0.440007468521313,0.150002546086811,0.200220243571296,1.14753070140502,1.14752649283013,0.495981411431213,0.552573928216589,0.989496610275133,0.989496610275133,1.4842449154127,1.4842449154127,2.03282359480453,0.99969357308434,0.994100343374599,-20.2615126798292,9.94065742769445,814.776878273641,42.2394108959586,1.0,1057.7008542571998,1,70.87841170020452,70.87841170020452,102.7391745548266,5579.076090137556,0.19524782724696182,1089.3024846448327,88.93084656425532,40.80027141847697,7.411396939141152,,,0.201,1.1750579299052513,1.175007404700393,0.5229841986890308,0.5056191000243642,0.9647923259433502,0.9647923259433502,1.4471884889150253,1.4471884889150253,2.1201052012632227,1.0016925117896063,0.9827806232132037,-20.94648051920493,9.824892219409449,,40.81733315844525,1,False,False,0,0.0,1,70.87841170020452,70.87841170020452,102.7391745548266,5579.076090137556,,,88.93084656425532,40.80027141847697,7.411396939141152,,,0.201,,,,,0.9647923259433502,0.9647923259433502,1.4471884889150253,1.4471884889150253,2.1201052012632227,1.0016925117896063,0.9827806232132037,-20.94648051920493,9.824892219409449,,,,False,False,0,0.0
18,0.1833332,10.999992,0.9999960000000002,71.6816018725898,71.6816018725898,97.4137562570818,5397.29895650076,0.192992192616489,84.7748511847919,43.1830012721122,7.39409839358696,0.44000831285799,0.15000283392886,0.200220609373092,1.38628634731619,1.38628042340546,0.704656499203168,0.582645159520325,0.989576954468663,0.989576954468663,1.48436543170299,1.48436543170299,2.03256262390622,0.99968969684495,0.994138537179572,-20.2594419455499,9.94104381813969,819.488726061716,41.4659082568376,1.0,1041.6365598217699,2,72.84658299554793,72.84658299554793,99.654472747077,4841.380288121016,0.19448250411309953,941.5637617975744,86.36797685667547,40.723870253825254,7.412210946213227,,,0.201,1.2369423110273852,1.236817646791885,0.5762832730570908,0.5040445637884046,1.0277196932694448,1.0277196932694448,1.5415795399041672,1.5415795399041672,1.9179881674599484,1.0017055846008103,1.0141922426828909,-19.298478575104866,10.145061570652798,,39.60201761064495,1,False,True,1,3.999999999781956e-06,2,72.84658299554793,72.84658299554793,99.654472747077,4841.380288121016,,,86.36797685667547,40.723870253825254,7.412210946213227,,,0.201,,,,,1.0277196932694448,1.0277196932694448,1.5415795399041672,1.5415795399041672,1.9179881674599484,1.0017055846008103,1.0141922426828909,-19.298478575104866,10.145061570652798,,,,False,True,1,3.999999999781956e-06
19,0.1999998,11.999988,1.9999920000000004,71.6969050655041,71.6969050655041,97.367149828683,5402.28167396449,0.190252715144294,78.0606115948439,43.7654740045239,7.38827896116345,0.440009157016582,0.150003121710198,0.200220975093782,1.71432000879315,1.71431002802689,1.00392459583774,0.611357476831472,0.990074784618491,0.990074784618491,1.48511217692774,1.48511217692774,2.03094896536115,0.999685994286991,0.994385352060432,-20.2466349823623,9.94354004786632,825.34720667263,40.5352911590664,1.0,1027.798756446006,3,74.16965931025936,74.16965931025936,97.83389511760758,4745.218897765183,0.19150999880776337,908.7568654535864,78.46548469974921,41.083999875320686,7.4083872720985475,,,0.201,1.3130941102526759,1.3128623459505326,0.6493321189737099,0.5006142649231924,1.0674797295045537,1.0674797295045537,1.6012195942568306,1.6012195942568306,1.8043142648558848,1.0017527642161552,1.0340589171879297,-18.188943897210258,10.358603207469613,,39.13548951318107,1,False,False,2,7.999999999563912e-06,3,74.16965931025936,74.16965931025936,97.83389511760758,4745.218897765183,,,78.46548469974921,41.083999875320686,7.4083872720985475,,,0.201,,,,,1.0674797295045537,1.0674797295045537,1.6012195942568306,1.6012195942568306,1.8043142648558848,1.0017527642161552,1.0340589171879297,-18.188943897210258,10.358603207469613,,,,False,False,2,7.999999999563912e-06
20,0.2166664,12.999984000000001,2.9999880000000005,71.7130486460956,71.7130486460956,97.3181587357614,5407.43845296437,0.187712853350563,73.1626770849941,44.3043909105329,7.3829632322845,0.440009988509669,0.150003405173751,0.200221335051114,2.00563464673709,2.00561741227104,1.26804728718879,0.638490053028363,0.990601321138994,0.990601321138994,1.48590198170849,1.48590198170849,2.02924858645043,0.999682844177312,0.994646781997584,-20.2331341385191,9.94618278461466,832.107770282308,39.6839111737408,1.0,1015.0457013234961,4,75.12303390426436,75.12303390426436,96.04400920266104,4675.119645538694,0.18869024618983407,882.149476883626,72.73490996724854,41.41913600353588,7.404858955988547,,,0.201,1.6682281749038872,1.6676736134978087,0.9834315322893707,0.5169461562458614,1.0944281612630782,1.0944281612630782,1.6416422418946173,1.6416422418946173,1.7298800363015354,1.0018228709745682,1.047543248658985,-17.387414470051635,10.510448374316,,38.00671915144102,1,False,False,3,1.199999999945689e-05,4,75.12303390426436,75.12303390426436,96.04400920266104,4675.119645538694,,,72.73490996724854,41.41913600353588,7.404858955988547,,,0.201,,,,,1.0944281612630782,1.0944281612630782,1.6416422418946173,1.6416422418946173,1.7298800363015354,1.0018228709745682,1.047543248658985,-17.387414470051635,10.510448374316,,,,False,False,3,1.199999999945689e-05
21,0.233333,13.99998,3.999984000000001,71.7315633875616,71.7315633875616,97.2615609685802,5413.43492722083,0.18534123246966,69.3798039523967,44.8010867353363,7.37812087733605,0.440010798905575,0.150003681445082,0.200221685408354,2.24703863059359,2.24701081167244,1.48395537892522,0.663915296383493,0.991206932325957,0.991206932325957,1.48681039848893,1.48681039848893,2.02730090072682,0.999680263809482,0.994947994601557,-20.2176626202797,9.94922600784125,839.830887361157,38.9327240870146,1.0,1003.3327013054128,5,75.84539521763986,75.84539521763986,94.76440353468814,4661.274341559736,0.18599245110358964,866.9618400529662,68.30687199120736,41.733857328015986,7.401571464300117,,,0.201,1.996304542133274,1.9951924396009972,1.2921611506345465,0.5324998044643035,1.1142503132174322,1.1142503132174322,1.6713754698261483,1.6713754698261483,1.676455930289126,1.001909662770838,1.0574794669393914,-16.78048860922687,10.625883826866733,,36.9356964677434,1,False,False,4,1.5999999999127823e-05,5,75.84539521763986,75.84539521763986,94.76440353468814,4661.274341559736,,,68.30687199120736,41.733857328015986,7.401571464300117,,,0.201,,,,,1.1142503132174322,1.1142503132174322,1.6713754698261483,1.6713754698261483,1.676455930289126,1.001909662770838,1.0574794669393914,-16.78048860922687,10.625883826866733,,,,False,False,4,1.5999999999127823e-05
22,0.2499996,14.999976,4.999979999999999,71.751647538524,71.751647538524,97.1997788088406,5419.95791754266,0.18311119352515,66.3342074531732,45.2573581704881,7.37371967127406,0.44001159097656,0.150003951469282,0.20022202742699,2.44514281895814,2.4451013451548,1.65831805366405,0.687577674729255,0.991866069912915,0.991866069912915,1.48779910486937,1.48779910486937,2.02519087675793,0.999678325574624,0.995276264708813,-20.2008930258521,9.95254056437606,848.397050280936,38.2702793854418,1.0,992.454963137323,6,76.3873406636124,76.3873406636124,93.84090266538922,4659.891543015947,0.18339589204790893,854.6049663779164,64.73551842199414,42.03154399572033,7.398484647563182,,,0.201,2.2678405539269164,2.265947431931486,1.5456225910963992,0.5473960959080023,1.1288812070729868,1.1288812070729868,1.69332181060948,1.69332181060948,1.6377367360958552,1.0020085914911019,1.0648309943183758,-16.32587568440077,10.71321634801317,,35.7543783078976,1,False,False,5,2.0000000001019203e-05,6,76.3873406636124,76.3873406636124,93.84090266538922,4659.891543015947,,,64.73551842199414,42.03154399572033,7.398484647563182,,,0.201,,,,,1.1288812070729868,1.1288812070729868,1.69332181060948,1.69332181060948,1.6377367360958552,1.0020085914911019,1.0648309943183758,-16.32587568440077,10.71321634801317,,,,False,False,5,2.0000000001019203e-05
23,0.2666662,15.999972000000001,5.999976000000001,71.7728829753049,71.7728829753049,97.1339838250282,5426.86440787562,0.181000703693272,63.8032920439668,45.6752704144901,7.36972720259203,0.440012354958189,0.150004211917565,0.200222356663835,2.6085868293372,2.60852901437583,1.79977999352006,0.709473813752993,0.992565538992634,0.992565538992634,1.48884830848895,1.48884830848895,2.0229629393428,0.999677068336393,0.995625020895017,-20.183176666614,9.95605964191883,857.731637128465,37.680513410457,1.0,982.2662766734591,7,76.82436385333533,76.82436385333533,93.09191435789744,4668.209170163353,0.18088409725085294,844.4048015231514,61.76295162852087,42.31494261076429,7.395566235124248,,,0.201,2.487680904641711,2.484813042395782,1.748236219690518,0.5617272713246648,1.1405654453197633,1.1405654453197633,1.710848167979645,1.710848167979645,1.6072472850047441,1.0021170600989298,1.070716735682773,-15.9599472650314,10.78431111836673,,35.402236637028054,1,False,False,6,2.399999999891378e-05,7,76.82436385333533,76.82436385333533,93.09191435789744,4668.209170163353,,,61.76295162852087,42.31494261076429,7.395566235124248,,,0.201,,,,,1.1405654453197633,1.1405654453197633,1.710848167979645,1.710848167979645,1.6072472850047441,1.0021170600989298,1.070716735682773,-15.9599472650314,10.78431111836673,,,,False,False,6,2.399999999891378e-05
24,0.2833328,16.999968,6.999972,71.7980227636144,71.7980227636144,97.0548840070569,5435.25864675536,0.178990980052885,61.6461815991539,46.0570623406608,7.36611157338106,0.440013095805509,0.150004464479151,0.200222675373626,2.74471249080756,2.74463603513852,1.91563905421438,0.729638917506236,0.993397071108558,0.993397071108558,1.49009560666284,1.49009560666284,2.02032937980341,0.999676529270917,0.996040101654183,-20.1622220659219,9.96024482953628,867.685926060779,37.1485442272726,1.0,972.8622720236593,8,77.18250184091767,77.18250184091767,92.49798776293353,4686.1025331786295,0.17844389831078403,836.2064039044348,59.22847385551652,42.58629147348243,7.392790169115868,,,0.201,2.6655055259568785,2.6615024201771367,1.9095095690605086,0.5755741266483628,1.1500799402449442,1.1500799402449442,1.7251199103674164,1.7251199103674164,1.5827010622503703,1.0022331526159955,1.0755234602018144,-15.660642986213688,10.843144827131354,,34.74166029104299,1,False,False,7,2.800000000036107e-05,8,77.18250184091767,77.18250184091767,92.49798776293353,4686.1025331786295,,,59.22847385551652,42.58629147348243,7.392790169115868,,,0.201,,,,,1.1500799402449442,1.1500799402449442,1.7251199103674164,1.7251199103674164,1.5827010622503703,1.0022331526159955,1.0755234602018144,-15.660642986213688,10.843144827131354,,,,False,False,7,2.800000000036107e-05
25,0.2999994,17.999964000000002,7.999968000000002,71.8232719920889,71.8232719920889,96.9749308016587,5443.61730376696,0.177066267566171,59.7694180196619,46.4050637478485,7.36284192340828,0.440013800029053,0.150004704555359,0.200222977418148,2.86043754500576,2.86034045502524,2.01276310298606,0.748135567311692,0.994236099937264,0.994236099937264,1.4913541499059,1.4913541499059,2.0176886472926,0.99967681736147,0.996459340599399,-20.1411964950818,9.96446848717067,878.299567581,36.665181988148,1.0,963.8809980366389,9,77.50626287031157,77.50626287031157,91.96925896909673,4704.534327429135,0.17606517214234582,828.3046462083859,57.02657614698958,42.84738749112972,7.390135644246696,,,0.201,2.8243617004395167,2.8190598879401136,2.052218898525471,0.5890062717076981,1.1586442037968903,1.1586442037968903,1.7379663056953354,1.7379663056953354,1.560821175035002,1.0023560097917432,1.0798593561045444,-15.390546971494963,10.89680984180653,,34.24146144772048,1,False,False,8,3.1999999998255646e-05,9,77.50626287031157,77.50626287031157,91.96925896909673,4704.534327429135,,,57.02657614698958,42.84738749112972,7.390135644246696,,,0.201,,,,,1.1586442037968903,1.1586442037968903,1.7379663056953354,1.7379663056953354,1.560821175035002,1.0023560097917432,1.0798593561045444,-15.390546971494963,10.89680984180653,,,,False,False,8,3.1999999998255646e-05
26,0.316666,18.99996,8.999964,71.8499200331756,71.8499200331756,96.8904166739772,5452.44150583241,0.175213476799503,58.1086365939969,46.7216265527732,7.35988884636117,0.440014470622456,0.150004933166746,0.200223264159621,3.03910174354547,3.03897910243849,2.17440393245205,0.765044475891045,0.995125921970324,0.995125921970324,1.49268888295549,1.49268888295549,2.01490627160339,0.99967793686334,0.996904366455847,-20.1190280985654,9.968948131741,889.478168306185,36.2212183843129,1.0,955.3412332828142,10,77.81448890276175,77.81448890276175,91.47379935910264,4724.545914052555,0.17373940066562676,820.8397755247267,55.08420524787381,43.09973946262515,7.3875853464638945,,,0.201,3.129311583950784,3.122111632308571,2.340848962678179,0.6020813682505015,1.1667723367218175,1.1667723367218175,1.7501585050827262,1.7501585050827262,1.5402428980150757,1.0024852179273596,1.0839807870884195,-15.133852703576377,10.948341606338133,,33.85952958727506,1,False,False,9,3.5999999999702936e-05,10,77.81448890276175,77.81448890276175,91.47379935910264,4724.545914052555,,,55.08420524787381,43.09973946262515,7.3875853464638945,,,0.201,,,,,1.1667723367218175,1.1667723367218175,1.7501585050827262,1.7501585050827262,1.5402428980150757,1.0024852179273596,1.0839807870884195,-15.133852703576377,10.948341606338133,,,,False,False,9,3.5999999999702936e-05
27,0.3333326,19.999955999999997,9.999959999999998,71.877751473248,71.877751473248,96.8023122360732,5461.62520247574,0.173421563424905,56.6179399265315,47.0090461335499,7.35722487658272,0.440015105375825,0.15000514955994,0.200223534592466,3.29545794160869,3.29530222768853,2.41522203587505,0.780456032724032,0.996060094471398,0.996060094471398,1.4940901417071,1.4940901417071,2.01200544042544,0.999679928314202,0.997371981345565,-20.0958994568908,9.9736509301388,901.494692621726,35.8096503027182,1.0,947.1635814542061,11,78.11193157276796,78.11193157276796,91.00377673451453,4745.834242150995,0.17145952893020014,813.718503540023,53.34910036731288,43.34460457430197,7.385124946019542,,,0.201,3.551067093590689,3.541175977126328,2.7458457984904823,0.614849944989553,1.1745984396122369,1.1745984396122369,1.7618976594183553,1.7618976594183553,1.5206009622780154,1.002620480467648,1.0879545295499922,-14.886575040804404,10.998506613572356,,33.56693757292311,1,False,False,10,4.0000000002038405e-05,11,78.11193157276796,78.11193157276796,91.00377673451453,4745.834242150995,,,53.34910036731288,43.34460457430197,7.385124946019542,,,0.201,,,,,1.1745984396122369,1.1745984396122369,1.7618976594183553,1.7618976594183553,1.5206009622780154,1.002620480467648,1.0879545295499922,-14.886575040804404,10.998506613572356,,,,False,False,10,4.0000000002038405e-05
28,0.3499992,20.999952,10.999956000000001,71.9073079554246,71.9073079554246,96.7087952045244,5471.38805499971,0.171681263419128,55.263818470354,47.269584349827,7.35482405881829,0.44001570256237,0.150005353146262,0.200223787930932,3.5975438439003,3.59734667503576,2.70315435596476,0.794468221185525,0.997057718066585,0.997057718066585,1.49558657709988,1.49558657709988,2.00893050083333,0.999682826249963,0.997871743299241,-20.0713642792009,9.97867223462545,916.231629636278,35.428360054268,1.0,939.3348139386757,12,78.3996138854528,78.3996138854528,90.55677819032135,4767.591877327159,0.1692197251038364,806.7705868885851,51.782794655020645,43.58303008185939,7.382742570326285,,,0.201,4.029200308098372,4.015778886177713,3.2066867642733885,0.6273553161314909,1.1821558098961658,1.1821558098961658,1.7732337148442485,1.7732337148442485,1.501792662829926,1.0027615309355578,1.0917970672769588,-14.647848399698585,11.047462285151385,,33.34318772957055,1,False,False,11,4.39999999990448e-05,12,78.3996138854528,78.3996138854528,90.55677819032135,4767.591877327159,,,51.782794655020645,43.58303008185939,7.382742570326285,,,0.201,,,,,1.1821558098961658,1.1821558098961658,1.7732337148442485,1.7732337148442485,1.501792662829926,1.0027615309355578,1.0917970672769588,-14.647848399698585,11.047462285151385,,,,False,False,11,4.39999999990448e-05
29,0.3666658,21.999948,11.999951999999999,71.943805428091,71.943805428091,96.5925477872791,5483.79732599177,0.169984796726593,54.0212529390761,47.505392766817,7.35266246643199,0.440016259691893,0.150005543076782,0.20022402304189,3.92550144934658,3.92525381129781,3.01822537878812,0.807180007290299,0.998297846225622,0.998297846225622,1.49744676933843,1.49744676933843,2.00514118486752,0.999686682236635,0.998493115308016,-20.0411030521913,9.98490848028226,932.747752172198,35.0932384202965,1.0,932.1621737485452,13,78.66408822014,78.66408822014,90.15302847507553,4788.562928742459,0.16701514315854585,799.7625230676274,50.35626203239649,43.81589184723539,7.380428335394791,,,0.201,4.528745752348013,4.5109393204029455,3.6884115951031244,0.6396342758674163,1.1890954619949041,1.1890954619949041,1.7836431929923562,1.7836431929923562,1.4846588785954629,1.00290780540308,1.0953339487342335,-14.42882315867632,11.092911378816325,,32.971076284251424,1,False,False,12,4.800000000138027e-05,13,78.66408822014,78.66408822014,90.15302847507553,4788.562928742459,,,50.35626203239649,43.81589184723539,7.380428335394791,,,0.201,,,,,1.1890954619949041,1.1890954619949041,1.7836431929923562,1.7836431929923562,1.4846588785954629,1.00290780540308,1.0953339487342335,-14.42882315867632,11.092911378816325,,,,False,False,12,4.800000000138027e-05
30,0.3833324,22.999944,12.999948000000002,71.9945116570357,71.9945116570357,96.4297573107891,5501.6699510218,0.168325597689247,52.8712002969376,47.7185145893342,7.3507180099086,0.440016766626725,0.150005715895475,0.200224235312322,4.26669494734909,4.26638739036017,3.34767500995058,0.818689561507199,1.00003645753429,1.00003645753429,1.50005468630144,1.50005468630144,1.99989062939084,0.999691708922097,0.999364064999427,-19.9991249513971,9.99363660843283,950.342756625887,34.7901902548622,1.0,926.0718827947147,14,78.89148095408945,78.89148095408945,89.81157211730533,4806.907934962307,0.164841699289649,792.3788723280843,49.04710775134843,44.04392929825559,7.378173934515351,,,0.201,5.0292071884162635,5.006174729710464,4.170566298512774,0.6517180236090158,1.1950562598892482,1.1950562598892482,1.7925843898338725,1.7925843898338725,1.4700463134405601,1.0030584341220024,1.0983845045162197,-14.24092806346085,11.132409017550293,,32.6528886616321,1,False,False,13,5.199999999838667e-05,14,78.89148095408945,78.89148095408945,89.81157211730533,4806.907934962307,,,49.04710775134843,44.04392929825559,7.378173934515351,,,0.201,,,,,1.1950562598892482,1.1950562598892482,1.7925843898338725,1.7925843898338725,1.4700463134405601,1.0030584341220024,1.0983845045162197,-14.24092806346085,11.132409017550293,,,,False,False,13,5.199999999838667e-05
31,0.399999,23.99994,13.999944,72.0528450639004,72.0528450639004,96.2447253495134,5522.06501452607,0.166698196530511,51.7989285362485,47.9107403053417,7.34897159906478,0.440017202591695,0.150005864519896,0.200224415288749,4.61286199491742,4.61248482581373,3.68317582170742,0.829085058503551,1.00203967011718,1.00203967011718,1.50305950517578,1.50305950517578,1.99388722790834,0.999698348508733,1.0003679894779,-19.9508369466174,10.0036820105178,956.437441802876,34.7901902548622,1.0,920.5182790457258,15,79.07319459779767,79.07319459779767,89.54273335727682,4821.371660253602,0.16269581208264508,784.4169776172106,47.83766733665634,44.26778045297452,7.375972243941176,,,0.201,5.518581130197001,5.4895191191871335,4.641195572843334,0.663633195117831,1.199814096761335,1.199814096761335,1.7997211451420028,1.7997211451420028,1.458451791527581,1.0032123609189094,1.100836358393288,-14.09115987614523,11.164354473942899,,32.570344991129815,1,False,False,14,5.600000000072214e-05,15,79.07319459779767,79.07319459779767,89.54273335727682,4821.371660253602,,,47.83766733665634,44.26778045297452,7.375972243941176,,,0.201,,,,,1.199814096761335,1.199814096761335,1.7997211451420028,1.7997211451420028,1.458451791527581,1.0032123609189094,1.100836358393288,-14.09115987614523,11.164354473942899,,,,False,False,14,5.600000000072214e-05
32,0.4166656,24.999936,14.999940000000002,72.0675046713789,72.0675046713789,96.2044658678645,5524.82125144629,0.165098302403051,50.7930279659841,48.0836117020019,7.34740696063527,0.440017557348986,0.150005985459882,0.200224558312588,4.95831583241299,4.95785931050296,4.01914064133355,0.838443828895834,1.00253967408335,1.00253967408335,1.50380951112502,1.50380951112502,1.99239064857144,0.999706830011058,1.00062198221016,-19.9387211947626,10.0062258661416,993.024880605295,34.1992691720889,1.0,912.1386096940823,16,79.20591203603884,79.20591203603884,89.34920981204736,4831.438082528679,0.160574221419167,775.8044084369557,46.71373811809308,44.488007321432846,7.373817037786865,,,0.201,5.989987493717281,5.954146523296326,5.093464856995682,0.675403115523604,1.203282166078418,1.203282166078418,1.804923249117627,1.804923249117627,1.4500388706191916,1.0033684619953636,1.1026456224156247,-13.982129440362986,11.188041476401825,,32.14093274181597,1,False,False,15,5.999999999772854e-05,16,79.20591203603884,79.20591203603884,89.34920981204736,4831.438082528679,,,46.71373811809308,44.488007321432846,7.373817037786865,,,0.201,,,,,1.203282166078418,1.203282166078418,1.804923249117627,1.804923249117627,1.4500388706191916,1.0033684619953636,1.1026456224156247,-13.982129440362986,11.188041476401825,,,,False,False,15,5.999999999772854e-05
33,0.4333322,25.999932,15.999936,72.1947419065001,72.1947419065001,95.8084298376056,5571.07161740478,0.163522879275839,49.844867274732,48.2388558303755,7.34600661500016,0.440017895723545,0.150006100814845,0.200224693881638,5.29973465496278,5.2991891002199,4.35162640478644,0.846855092546321,1.00685265276058,1.00685265276058,1.51027897914087,1.51027897914087,1.97951239954488,0.999715788724367,1.00278079441609,-19.8331868024573,10.0279287089574,997.000603335426,34.1992691720889,1.0,910.997671529935,17,79.29074247169065,79.29074247169065,89.2277533290773,4837.124720373636,0.15847389239575455,766.5579824413359,45.663723468292254,44.70511187723912,7.371702805262153,,,0.201,6.439695531284282,6.396390123990603,5.52368201144412,0.6870487113105268,1.2054893511579854,1.2054893511579854,1.808234026736978,1.808234026736978,1.444701514851257,1.0035256453927015,1.1038261619010954,-13.912806803643342,11.203549275333994,,32.11569495618899,1,False,False,16,6.4000000000064e-05,17,79.29074247169065,79.29074247169065,89.2277533290773,4837.124720373636,,,45.663723468292254,44.70511187723912,7.371702805262153,,,0.201,,,,,1.2054893511579854,1.2054893511579854,1.808234026736978,1.808234026736978,1.444701514851257,1.0035256453927015,1.1038261619010954,-13.912806803643342,11.203549275333994,,,,False,False,16,6.4000000000064e-05
34,0.4499988,26.999927999999997,16.999931999999998,72.2280926057017,72.2280926057017,95.7156800332802,5579.61428622837,0.161967171222362,48.9460396207727,48.3777801455328,7.3447572575864,0.440018059418659,0.150006156619997,0.200224749964949,5.63428331445884,5.63363929994433,4.67843169480521,0.854386726328812,1.00797053956262,1.00797053956262,1.51195580934393,1.51195580934393,1.97618354897242,0.999728665798369,1.00334561741071,-19.8055383561431,10.0336309618449,1034.44362967223,33.7055988575513,1.0,903.7143424522875,18,79.33203337424972,79.33203337424972,89.1711393445701,4838.752560962062,0.15639197550728673,756.7420719997997,44.67803873184697,44.919545639424896,7.369624636598928,,,0.201,6.86592458871379,6.814537544689085,5.930097072568171,0.6985890358330133,1.2065497462202626,1.2065497462202626,1.809824619330394,1.809824619330394,1.442141960327076,1.003682923667526,1.104434420933372,-13.879522160803518,11.211555535053238,,31.75055772404696,1,False,False,17,6.800000000239947e-05,18,79.33203337424972,79.33203337424972,89.1711393445701,4838.752560962062,,,44.67803873184697,44.919545639424896,7.369624636598928,,,0.201,,,,,1.2065497462202626,1.2065497462202626,1.809824619330394,1.809824619330394,1.442141960327076,1.003682923667526,1.104434420933372,-13.879522160803518,11.211555535053238,,,,False,False,17,6.800000000239947e-05
35,0.4666654,27.999924,17.999928,72.353501000848,72.353501000848,95.3479335746597,5622.50516584012,0.160431022024587,48.0919526252564,48.5014859012505,7.34364776025512,0.440018183776106,0.150006199014582,0.200224788148132,5.96036432837011,5.95961274872048,4.99727614633286,0.861096256146993,1.01214205576368,1.01214205576368,1.51821308364552,1.51821308364552,1.96379452946186,0.999742576715412,1.00543624521166,-19.7013227613297,10.0548237621777,1038.60586755625,33.7055988575513,1.0,902.0242500942505,19,79.34138518815513,79.34138518815513,89.17125177800978,4833.896780260656,0.15432588742600006,745.9954103394101,43.74872635563032,45.131710588481866,7.367578196804946,,,0.201,7.268119400641117,7.20810203981606,6.312155685678342,0.7100415300251024,1.2067688026750658,1.2067688026750658,1.8101532040125987,1.8101532040125987,1.44161358449959,1.0038395767248531,1.1046224787699583,-13.872647881814533,11.214033069969664,,31.414245983329895,1,False,False,18,7.199999999940587e-05,19,79.34138518815513,79.34138518815513,89.17125177800978,4833.896780260656,,,43.74872635563032,45.131710588481866,7.367578196804946,,,0.201,,,,,1.2067688026750658,1.2067688026750658,1.8101532040125987,1.8101532040125987,1.44161358449959,1.0038395767248531,1.1046224787699583,-13.872647881814533,11.214033069969664,,,,False,False,18,7.199999999940587e-05
36,0.483332,28.99992,18.999924,72.3930537179433,72.3930537179433,95.2433344508204,5632.20183827589,0.158911056606271,47.2769811195415,48.6112568852615,7.34266558721367,0.440018143673016,0.150006185343074,0.200224751495594,6.2764815245272,6.27561373408569,5.30718918206378,0.867051936911594,1.01344354457724,1.01344354457724,1.52016531686586,1.52016531686586,1.95993985219526,0.999760267586101,1.00609518430938,-19.6684779768986,10.0615316948418,1078.89458960356,33.2360941836784,1.0,895.0191451402035,20,79.34897556369694,79.34897556369694,89.16664951999182,4823.2102264700325,0.15227301569796695,734.444766529866,42.869004023679,45.3419883103481,7.365559430692314,,,0.201,7.6465146527979355,7.577384072077877,6.670011689128591,0.7214218702010669,1.2069415556119376,1.2069415556119376,1.8104123334179065,1.8104123334179065,1.4411969862552632,1.003995568219035,1.1047870953905896,-13.867227074890327,11.216202638587255,,31.444397068109293,1,False,False,19,7.599999999996498e-05,20,79.34897556369694,79.34897556369694,89.16664951999182,4823.2102264700325,,,42.869004023679,45.3419883103481,7.365559430692314,,,0.201,,,,,1.2069415556119376,1.2069415556119376,1.8104123334179065,1.8104123334179065,1.4411969862552632,1.003995568219035,1.1047870953905896,-13.867227074890327,11.216202638587255,,,,False,False,19,7.599999999996498e-05
37,0.4999986,29.999916000000002,19.99992,72.5334633966855,72.5334633966855,94.8531102520968,5678.14087564263,0.157407505236389,46.4980762075692,48.7081026405561,7.34180089820374,0.44001805882285,0.150006156416881,0.200224694481465,6.58206485491304,6.58107266541524,5.60693081115654,0.872307494599227,1.01802759527658,1.01802759527658,1.52704139291488,1.52704139291488,1.94640324074149,0.999779145731537,1.00839435670642,-19.5515795258892,10.0850429225747,1082.28067082884,33.2360941836784,1.0,893.7819896156717,21,79.32527911171123,79.32527911171123,89.20723702381586,4815.228145261059,0.15023051058345627,723.3941828383979,42.032955301445284,45.55075308412792,7.363564429830635,,,0.201,8.001547880975343,7.922885342752564,7.004279661338052,0.7327453709093441,1.2062903057513485,1.2062903057513485,1.8094354586270227,1.8094354586270227,1.4427679115283043,1.004150197958128,1.104539791832316,-13.88766448527808,11.212943596989305,,31.147010735954268,1,False,False,20,8.00000000005241e-05,21,79.32527911171123,79.32527911171123,89.20723702381586,4815.228145261059,,,42.032955301445284,45.55075308412792,7.363564429830635,,,0.201,,,,,1.2062903057513485,1.2062903057513485,1.8094354586270227,1.8094354586270227,1.4427679115283043,1.004150197958128,1.104539791832316,-13.88766448527808,11.212943596989305,,,,False,False,20,8.00000000005241e-05
38,0.5166652,30.999912000000002,20.999916000000002,72.5770877433165,72.5770877433165,94.7442064743346,5688.07316913888,0.155917592805622,45.7511122046793,48.7931548097039,7.34104287938017,0.4400177996765,0.150006068071534,0.200224558156059,6.87622762711231,6.87510343432926,5.89620145133102,0.876923989966599,1.0194357406259,1.0194357406259,1.52915361093886,1.52915361093886,1.9422575646897,0.999802117200591,1.00910921104293,-19.5152987682181,10.0923865115346,1124.80250436038,32.7796343947085,1.0,886.8706762343799,22,79.2673546992005,79.2673546992005,89.28839492155277,4809.718977249351,0.14819615756849555,712.7818714126281,41.23571528493357,45.75830129554039,7.3615900977385085,,,0.201,8.334070201483009,8.245515354092495,7.315866313995255,0.7440275768280484,1.2047379862401508,1.2047379862401508,1.8071069793602264,1.8071069793602264,1.446516972339622,1.004302704441883,1.1038417231060194,-13.936399265762855,11.203753964963358,,30.867951549498883,1,False,False,21,8.39999999975305e-05,22,79.2673546992005,79.2673546992005,89.28839492155277,4809.718977249351,,,41.23571528493357,45.75830129554039,7.3615900977385085,,,0.201,,,,,1.2047379862401508,1.2047379862401508,1.8071069793602264,1.8071069793602264,1.446516972339622,1.004302704441883,1.1038417231060194,-13.936399265762855,11.203753964963358,,,,False,False,21,8.39999999975305e-05
39,0.5333318,31.999908,21.999912000000002,72.6940514002693,72.6940514002693,94.4370093266826,5723.67936689873,0.154441923787605,45.0340496930105,48.8672891400309,7.34038324832446,0.440017493512675,0.150005963697503,0.200224400435967,7.15887348685678,7.15761021375712,6.17430479900749,0.880948216825345,1.0231881479197,1.0231881479197,1.53478222187955,1.53478222187955,1.93123897453683,0.999826355277333,1.01099565752456,-19.4177905685391,10.1118419688084,1128.51994093643,32.7796343947085,1.0,883.9760525672609,23,79.16127988205112,79.16127988205112,89.44749404619188,4806.238146904168,0.1461682699140467,702.5195147278761,40.47324131731364,45.964864858404724,7.359634003745363,,,0.201,8.64491321282018,8.54616095557098,7.605706942613019,0.7552803392081563,1.2019187088692174,1.2019187088692174,1.802878063303826,1.802878063303826,1.453342505630926,1.0044520187950605,1.1025097473011156,-14.024979351489492,11.186259233540612,,30.926786463700175,1,False,False,22,8.79999999980896e-05,23,79.16127988205112,79.16127988205112,89.44749404619188,4806.238146904168,,,40.47324131731364,45.964864858404724,7.359634003745363,,,0.201,,,,,1.2019187088692174,1.2019187088692174,1.802878063303826,1.802878063303826,1.453342505630926,1.0044520187950605,1.1025097473011156,-14.024979351489492,11.186259233540612,,,,False,False,22,8.79999999980896e-05
40,0.5499984,32.999904,22.999908,72.7948461798366,72.7948461798366,94.1829914638792,5752.24569486696,0.152978395875978,44.3439914865773,48.93186563981,7.33980946190599,0.440017050019274,0.150005812506571,0.200224180225818,7.42973726348475,7.42832842055258,6.44119306462836,0.88445389874687,1.02638813826521,1.02638813826521,1.53958220739781,1.53958220739781,1.92187549222762,0.999853940399023,1.01260784526298,-19.3337103512541,10.1285565310907,1171.21901327968,32.3229039393521,1.0,879.9693190852479,24,79.05108113109644,79.05108113109644,89.61354191410977,4797.391309429545,0.14414580494515508,691.5238319346133,39.742216908003776,46.1706118332194,7.357694361653788,,,0.201,8.935153647434962,8.825947421842452,7.874726999222859,0.7665124125614269,1.198992258502932,1.198992258502932,1.798488387754398,1.798488387754398,1.4604501830766752,1.004598068215812,1.1011226425197447,-14.117014954230253,11.168096085326695,,30.354930987985227,1,False,False,23,9.199999999864872e-05,24,79.05108113109644,79.05108113109644,89.61354191410977,4797.391309429545,,,39.742216908003776,46.1706118332194,7.357694361653788,,,0.201,,,,,1.198992258502932,1.198992258502932,1.798488387754398,1.798488387754398,1.4604501830766752,1.004598068215812,1.1011226425197447,-14.117014954230253,11.168096085326695,,,,False,False,23,9.199999999864872e-05
41,0.566665,33.9999,23.999903999999997,72.9061505316274,72.9061505316274,93.9088823480728,5783.53656105333,0.151526935537038,43.6789433689251,48.9871709215854,7.33931864332131,0.440016494300368,0.150005623056944,0.200223908948919,7.6887701487579,7.68720982024551,6.69671698247302,0.887456436135835,1.02988878020884,1.02988878020884,1.54483317031326,1.54483317031326,1.91166699294242,0.999884358976638,1.01437162520263,-19.240784615787,10.1469351474145,1174.4265764635,32.3229039393521,1.0,876.3615716628303,25,78.94683473709652,78.94683473709652,89.77165857208158,4787.373274242637,0.1421273945330927,680.4168901254671,39.03959400239647,46.37572690028216,7.3557692614529495,,,0.201,9.20566469838789,9.085794484575183,8.123796977554573,0.7777293879578864,1.196223666447837,1.196223666447837,1.7943354996717553,1.7943354996717553,1.467195755933423,1.0047410063156639,1.0998127554986006,-14.204161495833942,11.150996232930465,,30.42763482019039,1,False,False,24,9.600000000276054e-05,25,78.94683473709652,78.94683473709652,89.77165857208158,4787.373274242637,,,39.03959400239647,46.37572690028216,7.3557692614529495,,,0.201,,,,,1.196223666447837,1.196223666447837,1.7943354996717553,1.7943354996717553,1.467195755933423,1.0047410063156639,1.0998127554986006,-14.204161495833942,11.150996232930465,,,,False,False,24,9.600000000276054e-05
42,0.5833316,34.999896,24.999899999999997,73.0195847982518,73.0195847982518,93.6374467183723,5814.47873758582,0.150086954110452,43.0372279880266,49.0344348788397,7.33889961640937,0.440015817846497,0.150005392447669,0.20022358273316,7.93593777218121,7.93422062429656,6.94080293902448,0.89002251157217,1.0334223561608,1.0334223561608,1.55013353424119,1.55013353424119,1.90139917871137,0.999917864045589,1.01615339892511,-19.1460144036088,10.1655992018606,1217.78100695259,31.8676398683227,1.0,872.6774034642419,26,78.84998714115471,78.84998714115471,89.9195136751789,4777.486549931918,0.1401117658187043,669.3820766860704,38.36269629100389,46.580375667383976,7.353857004561374,,,0.201,9.457333451369424,9.326631517026561,8.353833288875942,0.7889380139893194,1.1936507044834868,1.1936507044834868,1.7904760567252302,1.7904760567252302,1.4734832753930938,1.0048810178914065,1.0985990300473336,-14.285209854197674,11.135196995352382,,29.8896891580848,1,False,False,25,0.00010000000000331966,26,78.84998714115471,78.84998714115471,89.9195136751789,4777.486549931918,,,38.36269629100389,46.580375667383976,7.353857004561374,,,0.201,,,,,1.1936507044834868,1.1936507044834868,1.7904760567252302,1.7904760567252302,1.4734832753930938,1.0048810178914065,1.0985990300473336,-14.285209854197674,11.135196995352382,,,,False,False,25,0.00010000000000331966
43,0.5999982,35.999892,25.999896000000003,73.1365515542563,73.1365515542563,93.3648800995038,5845.63361592552,0.148658108851004,42.4171211507719,49.0738959992485,7.33855006196537,0.44001502177808,0.150005121060709,0.20022320208839,8.17135837311506,8.16947962436811,7.17355244830055,0.892165040993859,1.03703212524423,1.03703212524423,1.55554818786634,1.55554818786634,1.89094799545423,0.999954466962978,1.01797478004098,-19.0482282362133,10.1847797904696,1219.90413622363,31.8676398683227,1.0,869.000838379344,27,78.76112737117413,78.76112737117413,90.05596358507024,4768.110429706734,0.13809784207892475,658.4657611365146,37.70919692209545,46.78469735530359,7.351956166905898,,,0.201,9.691008511222696,9.549345908706297,8.565714887630223,0.800144218476135,1.1912886346324931,1.1912886346324931,1.7869329519487396,1.7869329519487396,1.479271231761683,1.005018299546941,1.0974891819446335,-14.359660720705142,11.120788091879263,,29.970856477346793,1,False,False,26,0.00010399999999677334,27,78.76112737117413,78.76112737117413,90.05596358507024,4768.110429706734,,,37.70919692209545,46.78469735530359,7.351956166905898,,,0.201,,,,,1.1912886346324931,1.1912886346324931,1.7869329519487396,1.7869329519487396,1.479271231761683,1.005018299546941,1.0974891819446335,-14.359660720705142,11.120788091879263,,,,False,False,26,0.00010399999999677334
44,0.6166648,36.999888,26.999892000000003,73.2648733493364,73.2648733493364,93.0729446626519,5879.42347817241,0.147240069977079,41.8173870616595,49.1066878308721,7.33825978550019,0.440014105737786,0.150004808774245,0.200222766852026,8.39516067337555,8.39311608484747,7.39500932184131,0.893945536699903,1.0409555735282,1.0409555735282,1.56143336029229,1.56143336029229,1.87963214361995,0.999994217221628,1.01995441758815,-18.9408700234929,10.2057433728293,1263.68335323621,31.4051244186094,1.0,865.6867243509869,28,78.68057146557916,78.68057146557916,90.18031669997791,4759.4222006831715,0.13608474353640534,647.6847495614434,37.07706835955866,46.988806070265255,7.35006558107162,,,0.201,9.907480038546218,9.754763653308313,8.760261765305579,0.8113526671114651,1.1891455987978383,1.1891455987978383,1.7837183981967575,1.7837183981967575,1.4845355689666497,1.0051530535606013,1.0964873763729908,-14.427241727649179,11.10781319322834,,29.46031009538707,1,False,False,27,0.00010799999999733245,28,78.68057146557916,78.68057146557916,90.18031669997791,4759.4222006831715,,,37.07706835955866,46.988806070265255,7.35006558107162,,,0.201,,,,,1.1891455987978383,1.1891455987978383,1.7837183981967575,1.7837183981967575,1.4845355689666497,1.0051530535606013,1.0964873763729908,-14.427241727649179,11.10781319322834,,,,False,False,27,0.00010799999999733245
45,0.6333314,37.999884,27.999888,73.3863541686525,73.3863541686525,92.8048802411942,5910.05684200805,0.145832208857758,41.2364556895433,49.1329305561919,7.33802760324063,0.440013060733782,0.15000445252288,0.200222272932464,8.60756265401652,8.60534849586017,7.60544158003608,0.895370537604322,1.04463557869872,1.04463557869872,1.56695336804807,1.56695336804807,1.86905953397736,1.00003737754051,1.02181416033026,-18.8391935145381,10.2255476831907,1264.68720455788,31.4051244186094,1.0,861.8766437449395,29,78.60836919510942,78.60836919510942,90.29232429131217,4751.50305329067,0.1340717714360012,637.0424313382487,36.46453594084687,47.1927933972092,7.3481843068205945,,,0.201,10.107477108478468,9.94364709941624,8.938232638937857,0.8225667965464933,1.1872227890895402,1.1872227890895402,1.7808341836343102,1.7808341836343102,1.489269541115255,1.0052854819394024,1.0955943099305259,-14.487902498953378,11.096271694062796,,29.256124252464254,1,False,False,28,0.00011200000000144428,29,78.60836919510942,78.60836919510942,90.29232429131217,4751.50305329067,,,36.46453594084687,47.1927933972092,7.3481843068205945,,,0.201,,,,,1.1872227890895402,1.1872227890895402,1.7808341836343102,1.7808341836343102,1.489269541115255,1.0052854819394024,1.0955943099305259,-14.487902498953378,11.096271694062796,,,,False,False,28,0.00011200000000144428
46,0.649998,38.99988,28.999883999999998,73.5262914293067,73.5262914293067,92.5020694701724,5945.48696636392,0.144435000636561,40.6736630082629,49.1536710333759,7.33784414164962,0.440011896547797,0.150004055641294,0.200221724750852,8.80871904397885,8.80633209502226,7.80487034126251,0.896497046076547,1.0488374851215,1.0488374851215,1.57325622768226,1.57325622768226,1.85703607399411,1.00008367287538,1.02393616025588,-18.7219837865605,10.2482752158672,1308.07819012745,30.9362419458603,1.0,858.7364137714379,30,78.54428091627153,78.54428091627153,90.39221358515408,4744.371270252412,0.1320583872637824,626.5340185301562,35.870037922164386,47.396731283468014,7.346311599748867,,,0.201,10.29167015020563,10.11669731217172,9.100327301184507,0.8337889273625713,1.1855138271048746,1.1855138271048746,1.778270740657312,1.778270740657312,1.4934854565400708,1.0054157799846255,1.094806897608586,-14.541834302112205,11.086115218383734,,29.05767707786235,1,False,False,29,0.00011600000000200339,30,80.89370241328139,78.54428091627153,90.39221358515408,4744.371270252412,,,35.870037922164386,47.396731283468014,7.346311599748867,,,0.201,,,,,1.1855138271048746,1.1855138271048746,1.778270740657312,1.778270740657312,1.4934854565400708,1.0054157799846255,1.094806897608586,-14.541834302112205,11.086115218383734,,,,False,False,29,0.00011600000000200339
47,0.6666646,39.999876,29.999880000000005,73.6504616171805,73.6504616171805,92.2420605708267,5975.11790320318,0.143047312980222,40.1274353015266,49.1689180360464,7.33770932593195,0.440010597455475,0.150003612768912,0.20022111518196,8.99893761060538,8.99637509966523,7.99370738731805,0.897325149686367,1.05253272818848,1.05253272818848,1.57879909228272,1.57879909228272,1.84650510325221,1.00013363125348,1.02580691335688,-18.6179653766885,10.268426993869,1308.01916457921,30.9362419458603,1.0,854.7245607932331,31,78.4938785656361,78.4938785656361,90.47094341273049,4738.131573001338,0.13004418592348496,616.1664632093203,35.292190331014545,47.600675158377726,7.344446878618427,,,0.201,10.460702291683658,10.274584653379456,9.247190661825728,0.8450203997907553,1.1841653159233607,1.1841653159233607,1.7762479738850412,1.7762479738850412,1.4968177701391383,1.0055442665571768,1.0941984652960315,-14.584401349482176,11.078279915118275,,28.583936469224746,1,False,False,30,0.00011999999999545707,31,80.68891476559465,78.12098839045035,91.12898788513657,4804.168827618974,,,35.2915172721334,47.60079918625905,7.344445747026195,,,0.201,,,,,1.1743465523675471,1.1743465523675471,1.7615198285513207,1.7615198285513207,1.5212305325331585,1.005535909028725,1.0892939928999026,-14.89453374295384,11.015522133404183,,,,False,False,30,0.00011999999999545707
48,0.683331199999999,40.99987199999994,30.999875999999944,73.8012271403566,73.8012271403566,91.9309033401416,6011.89999039192,0.141670125930693,39.5974661256594,49.1796322647019,7.33761455885666,0.440009181880544,0.150003130186549,0.200220452609281,9.1784209687458,9.17568058157549,8.17197596880369,0.897907404287253,1.05698302996679,1.05698302996679,1.58547454495018,1.58547454495018,1.83387525174535,1.00018669674328,1.02805637184005,-18.4915738394059,10.2928009797625,1350.35706163365,30.4597209232736,1.0,851.7066287215554,32,78.45612525174312,78.45612525174312,90.53018809736577,4733.140036110981,0.12802887322838302,605.978585655437,34.729758546951494,47.80466630276534,7.342589700351178,,,0.201,10.615138052301699,10.417900024267126,9.37941758576249,0.8562617281708856,1.1831499576957276,1.1831499576957276,1.7747249365435915,1.7747249365435915,1.4993300961315568,1.0056712353140007,1.0937555371476044,-14.61645760465127,11.072582856394396,,28.67490464394932,1,False,False,31,0.00012400000005641232,32,80.89224958608793,78.1056790293818,91.15170395327837,4769.471453814733,,,34.730064302889765,47.80439098639651,7.34259220154475,,,0.201,,,,,1.1739230177990125,1.1739230177990125,1.760884526698519,1.760884526698519,1.5222895120450106,1.0056550701662261,1.0891425019049694,-14.907916000922796,11.0135950303046,,,,False,False,31,0.00012400000005641232
49,0.699997799999999,41.99986799999994,31.99987199999994,73.9255483111247,73.9255483111247,91.6833260407071,6039.90303805463,0.140302094408863,39.0822679149562,49.1857265575268,7.33756063771652,0.440007626432048,0.150002599920016,0.20021972638908,9.3474740837346,9.34455391239121,8.34014463608516,0.898238753849,1.06062148798642,1.06062148798642,1.59093223197964,1.59093223197964,1.82359228779056,1.00024359525933,1.02990223087888,-18.3873697909867,10.3129181021114,1349.37305278002,30.4597209232736,1.0,847.4110462655191,33,78.43012928815942,78.43012928815942,90.57166380850532,4729.158089902214,0.1260122936010408,595.9320577104951,34.18164713806799,48.00873046426018,7.340739769625746,,,0.201,10.755497237901412,10.547188522343067,9.497557208532248,0.867512718746311,1.1824442771636943,1.1824442771636943,1.7736664157455415,1.7736664157455415,1.5010778337714206,1.0057969581315023,1.0934665341002656,-14.638739472515072,11.068868760674487,,28.21792881939809,1,False,False,32,0.00012800000006052414,33,81.08230697232301,78.07760234404104,91.20625887116002,4768.759937577225,,,34.18335797368118,48.00787742891484,7.340747486385409,,,0.201,,,,,1.1731631769805246,1.1731631769805246,1.759744765470787,1.759744765470787,1.5241906023526173,1.0057729824910915,1.0888225419848852,-14.931924748939924,11.009527092980958,,,,False,False,32,0.00012800000006052414
50,0.716664399999999,42.99986399999994,32.999867999999935,74.0873052734885,74.0873052734885,91.3637899680173,6078.08484545741,0.138944339902296,38.5816980915456,49.1880934450564,7.33753960942314,0.440005958750447,0.150002031392198,0.200218949098806,9.50639201125081,9.50329053298902,8.49827089929077,0.898367985100776,1.06532095064204,1.06532095064204,1.59798142596307,1.59798142596307,1.81036770967072,1.00030350661822,1.03227956815481,-18.2516766008057,10.3389818742942,1389.87105639666,29.9757546926928,1.0,844.5154867222285,34,78.4204031775631,78.4204031775631,90.59851772284945,4723.376110424943,0.12399448341269664,585.6725807760132,33.646898864769184,48.21287694646681,7.3388969439624345,,,0.201,10.88227934645611,10.662973542577353,9.602114367860954,0.8787723839075953,1.1821670293001165,1.1821670293001165,1.7732505439501747,1.7732505439501747,1.5017648566274426,1.0059218062094197,1.0933909102011592,-14.647494118711512,11.067897296274605,,27.772588299680237,1,False,False,33,0.00013200000006463597,34,81.53676758185836,78.06707497638678,91.2405315495762,4765.505810283023,,,33.65040200037354,48.211272414534065,7.338911397589853,,,0.201,,,,,1.1728659945118343,1.1728659945118343,1.7592989917677513,1.7592989917677513,1.524934570960657,1.0058900463118556,1.088733055504207,-14.941314939751873,11.008389916138654,,,,False,False,33,0.00013200000006463597
51,0.733330999999999,43.999859999999934,33.99986399999994,74.2081666228517,74.2081666228517,91.134510512511,6103.59523902083,0.137595579760303,38.0944300032705,49.1865588911469,7.33755305913335,0.440004145915102,0.150001413380148,0.200218105758368,9.65539986502961,9.65211594267552,8.64682020133125,0.89828532800675,1.06880366664374,1.06880366664374,1.60320549996561,1.60320549996561,1.80060848869863,1.00036743218236,1.03405114757973,-18.1503506959937,10.3585173188454,1388.18164352719,29.9757546926928,1.0,839.8277255352964,35,78.44549897441777,78.44549897441777,90.56345895190816,4715.49664791308,0.12197536123720408,575.1744070420228,33.124598599358066,48.41712542517489,7.3370609899695305,,,0.201,10.996003302686363,10.765795770578322,9.693551277568043,0.8900388853221499,1.1828064174564157,1.1828064174564157,1.7742096261846236,1.7742096261846236,1.5001807622984578,1.0060465635402345,1.0937727086241895,-14.627304637600094,11.07280361201786,,27.338105327624962,1,False,False,34,0.00013600000006164237,35,82.20732701684994,78.04910111304496,91.28603145574458,4767.497177294073,,,33.13016054788474,48.414619756031854,7.337083466034183,,,0.201,,,,,1.1723726910100143,1.1723726910100143,1.7585590365150214,1.7585590365150214,1.5261700446800184,1.0060060993778952,1.08854518231543,-14.956902122241107,11.006003235286064,,,,False,False,34,0.00013600000006164237
52,0.749997599999999,44.999855999999944,34.99985999999994,74.3817748457448,74.3817748457448,90.8049295494982,6143.45027753104,0.136256510597164,37.6202520453745,49.1819522056798,7.33759361069417,0.440002228330463,0.150000759658112,0.200217214753296,9.79495367615234,9.79148645735706,8.78592997629515,0.89803612763717,1.07377461658665,1.07377461658665,1.61066192487997,1.61066192487997,1.78673980815209,1.00043418712292,1.03656751454649,-18.0046562618566,10.3864311076014,1426.07765839555,29.4846342698367,1.0,837.0850978435584,36,78.47377571916836,78.47377571916836,90.52219946761242,4712.943532718719,0.11995444892199708,565.3385442677641,32.61379581934579,48.621521603349905,7.335231445426194,,,0.201,11.096942625256137,10.855954035662231,9.772304844927422,0.9013110100560031,1.183529460545509,1.183529460545509,1.7752941908182633,1.7752941908182633,1.498390754105317,1.0061713013351807,1.094196247312599,-14.604475653164172,11.078251372332527,,26.91373636197843,1,False,False,35,0.00014000000005864877,36,82.84479643472321,78.00109619754183,91.38343549486044,4777.042955481743,,,32.62176181122188,48.61792508614592,7.335263571227598,,,0.201,,,,,1.1710879071338482,1.1710879071338482,1.7566318607007725,1.7566318607007725,1.529390904938997,1.0061204743382992,1.087961459302305,-14.997498308918157,10.998594506459986,,,,False,False,35,0.00014000000005864877
53,0.766664199999999,45.99985199999994,35.999855999999944,74.4949848207671,74.4949848207671,90.6002036652557,6165.51709516166,0.134926179701948,37.1580733836422,49.1740268894438,7.33766349859848,0.440000160139349,0.15000005459296,0.200216255216899,9.92512722833325,9.92147625485144,8.91601627623927,0.897606700222241,1.07699048962567,1.07699048962567,1.6154857344385,1.6154857344385,1.77780574339723,1.00050515466198,1.03820932689901,-17.9097633166065,10.4047481373736,1423.94988357362,29.4846342698367,1.0,831.8896675372147,37,78.49429959298448,78.49429959298448,90.48186937475351,4715.00137200665,0.11793173282241776,556.0482820608214,32.11372335860512,48.82606569525554,7.333408260197196,,,0.201,11.185444353028764,10.933818029449398,9.838791798792412,0.9125890311562239,1.184048417736861,1.184048417736861,1.7760726266052917,1.7760726266052917,1.4971068711498665,1.0062958458791222,1.0945178353271525,-14.588091754322589,11.082391347307068,,26.498709103218452,1,False,False,36,0.00014400000005565516,37,83.47628947783832,77.9501286881877,91.47551463047618,4787.7908578335355,,,32.12458263023056,48.82112978251946,7.333452166008434,,,0.201,,,,,1.1697250049716634,1.1697250049716634,1.754587507457495,1.754587507457495,1.532812551934556,1.0062331140871779,1.0873378771524955,-15.04056239401707,10.990691082204778,,,,False,False,36,0.00014400000005565516
54,0.783330799999999,46.99984799999994,36.99985199999994,74.6856481038132,74.6856481038132,90.2506631136696,6208.49952962214,0.133605314892863,36.7077626697606,49.1635563484973,7.33775585304068,0.439997998150661,0.149999317551362,0.200215252999334,10.0465121170935,10.0426771177565,9.03723093807866,0.89703932939301,1.08237842852662,1.08237842852662,1.62356764278993,1.62356764278993,1.762904263414,1.00057866862212,1.04093735936011,-17.7497179645686,10.4353660683817,1458.42374737255,28.9863243032024,1.0,829.4885346673578,38,78.48890079699103,78.48890079699103,90.48866745207907,4720.824764955768,0.11590754758647097,547.1792210915013,31.62375018656476,49.030724226617195,7.331591683125623,,,0.201,11.261768031699072,10.999670760093863,9.893375982118153,0.9238707574201072,1.183885251519014,1.183885251519014,1.775827877278521,1.775827877278521,1.497510459909006,1.006419618450159,1.0944986060733086,-14.593242915604254,11.082143712595284,,26.092400228866662,1,False,False,37,0.000148000000059767,38,84.0785541367891,77.87311638995197,91.61670945825078,4801.83311827937,,,31.6380170765655,49.024180750478195,7.331649646479614,,,0.201,,,,,1.1676750217059508,1.1676750217059508,1.7515125325589262,1.7515125325589262,1.5379687620804205,1.0063434444728647,1.0863702303857115,-15.105333438924934,10.978449828876908,,,,False,False,37,0.000148000000059767
55,0.799997399999999,47.99984399999994,37.999847999999936,74.7848278758543,74.7848278758543,90.080378391077,6225.60764910193,0.1322927473519,36.2682455600823,49.1502202532587,7.33787356520735,0.439995676072049,0.149998525933653,0.200214177935161,10.1590235582089,10.1550046779925,9.14999161980279,0.896316345500964,1.0851582791385,1.0851582791385,1.62773741870775,1.62773741870775,1.75524867082009,1.00065672560575,1.04236492323256,-17.6666510477245,10.4514789235788,1456.21517840941,28.9863243032024,1.0,823.6027398346978,39,78.49002614128891,78.49002614128891,90.48584547372963,4722.739107374784,0.1138827084296039,537.8383207542503,31.143401978670244,49.235427825695965,7.329782275303164,,,0.201,11.326359603954597,11.05397620237628,9.936385004564706,0.9351521863239585,1.1838938909923586,1.1838938909923586,1.775840836488538,1.775840836488538,1.49748908850585,1.0065427690360333,1.0945648077757628,-14.592970164249717,11.082996305538632,,26.188418123248944,1,False,False,38,0.00015200000006387882,39,84.68647786130441,77.80509529115994,91.74393149439787,4811.259961177623,,,31.161597638702496,49.22699653299935,7.3298566521819835,,,0.201,,,,,1.1658618176534208,1.1658618176534208,1.748792726480131,1.748792726480131,1.5425390403106514,1.0064516794836849,1.085519700154316,-15.162617906977207,10.967713198137155,,,,False,False,38,0.00015200000006387882
56,0.816663999999999,48.999839999999935,38.99984399999994,74.9983299305675,74.9983299305675,89.7007707746046,6273.23872899049,0.130989481587766,35.8395386771318,49.1347445770886,7.33801019489993,0.43999328058185,0.149997709289267,0.200213069466219,10.2634246000334,10.2592220441679,9.25443462119438,0.895477410038438,1.09112075159126,1.09112075159126,1.63668112738689,1.63668112738689,1.73890308857852,1.00073689852012,1.04538326467989,-17.4874217089419,10.4857516395095,1486.47214861925,28.4812217634283,1.0,821.7282889867604,40,78.50301512159828,78.50301512159828,90.465205940177,4723.978206489191,0.1118575159198453,528.4124674373669,30.67211191815509,49.440151731512955,7.32798019639814,,,0.201,11.379515760395433,11.097051264915633,9.968118586219994,0.9464273894639741,1.1842147911062282,1.1842147911062282,1.7763221866593422,1.7763221866593422,1.4966954242298756,1.0066655659541017,1.0947866726755775,-14.582839466638461,11.085854588236739,,25.790629763586296,0.9995351453885664,False,False,39,0.0001560000000608852,40,85.30413187188314,77.75037644012708,91.84972784918874,4819.777784001552,,,30.694748084458478,49.42954712427034,7.328073359874496,,,0.201,,,,,1.1643994147087913,1.1643994147087913,1.746599122063187,1.746599122063187,1.5462316945766308,1.0065581286355874,1.0848433473888837,-15.208814239240137,10.959190679367229,,,,False,False,39,0.0001560000000608852
57,0.833330599999999,49.999835999999945,39.99983999999994,75.0822580783729,75.0822580783729,89.5646732108327,6285.30208161536,0.129693997830291,35.4205352829683,49.1167504847605,7.33816914426503,0.439990706658578,0.149996831815424,0.200211879803898,10.3594192345127,10.355033671245,9.35097735216807,0.894501751481585,1.09344354052557,1.09344354052557,1.64016531078836,1.64016531078836,1.7325629411921,1.00082208201649,1.04658608950077,-17.4172288322108,10.4994869105837,1484.35816257989,28.4812217634283,1.0,815.1659545357461,41,78.52541830059833,78.52541830059833,90.43052253902326,4725.447338322465,0.10983214368032032,519.0060110164202,30.209318565141565,49.64488161873605,7.3261855118968615,,,0.201,11.421495336312319,11.129174920893698,9.988869692324688,0.9576929531015717,1.1847834168267943,1.1847834168267943,1.7771751252401915,1.7771751252401915,1.4952897628842388,1.0067882211142232,1.0951320996820346,-14.5648893244485,11.090307625046838,,25.400342682222185,0.9979264021452379,False,False,40,0.0001600000000578916,41,85.92854912076173,77.70605907369797,91.93844548018491,4828.308213424116,,,30.23689474685155,49.63181537775219,7.326299830695994,,,0.201,,,,,1.1632115000289172,1.1632115000289172,1.7448172500433756,1.7448172500433756,1.5492355837966971,1.0066630347994494,1.084303208582238,-15.246335274383517,10.952394348081484,,,,False,False,40,0.0001600000000578916
58,0.849997199999999,50.99983199999994,40.99983599999994,75.3287472202656,75.3287472202656,89.1383007669929,6340.07205619967,0.128407681246228,35.0114225506694,49.0969443080864,7.33834415112863,0.439988072783012,0.1499959339033,0.200210662861307,10.4479833018667,10.4434153227892,9.43973185689948,0.89342793438118,1.10025362875234,1.10025362875234,1.65038044312851,1.65038044312851,1.71406339181571,1.00090892349116,1.05003114930737,-17.2103232387964,10.539070459062,1509.61823765278,27.9688033200189,1.0,814.1139516706047,42,78.55490641354962,78.55490641354962,90.38528085165024,4727.231689212755,0.10780675016026942,509.6274856686678,29.754490517436892,49.849604043693205,7.324398278275515,,,0.201,11.452536986696517,11.150605569092678,9.998909568698165,0.9689460916228245,1.1855384075178776,1.1855384075178776,1.7783076112768166,1.7783076112768166,1.49342476168456,1.0069108930721085,1.0955705451122917,-14.541058479897679,11.095964893447304,,25.017091936757858,0.9951222550823247,False,False,41,0.00016400000006200344,42,86.55677498616646,77.66921149716447,92.0146090374634,4836.934955933118,,,29.78749205196384,49.83378717826845,7.324536098174064,,,0.201,,,,,1.1622208222617894,1.1622208222617894,1.743331233392684,1.743331233392684,1.5517436916056577,1.0067665738252725,1.0838608181194886,-15.277622926746485,10.94683442391095,,,,False,False,41,0.00016400000006200344
59,0.866663799999999,51.99982799999994,41.99983199999994,75.4735221211492,75.4735221211492,88.9013010536477,6366.69243526973,0.127128641980731,34.6110576535949,49.0749223583438,7.33853884178845,0.439985241879416,0.149994968822528,0.200209356263985,10.5287564271398,10.5240070957629,9.52110459451024,0.892233841394045,1.10422252675223,1.10422252675223,1.65633379012835,1.65633379012835,1.70334289736505,1.00100149445731,1.05205989934139,-17.0890274365776,10.5625495577269,1505.10701039107,27.9688033200189,1.0,809.3889632048339,43,78.5897807397181,78.5897807397181,90.33203533168306,4729.31288255615,0.10578149065089747,500.27376647128233,29.307126235789056,50.05430551007126,7.322618551293968,,,0.201,11.474415261958564,11.16309497368797,10,0.9801841206798032,1.1864350125870655,1.1864350125870655,1.7796525188805983,1.7796525188805983,1.4912119554257206,1.007033701458546,1.0960797353232934,-14.512761393454202,11.102542133172296,,24.640437459752427,0.9910918297890914,False,False,42,0.00016800000005900984,43,87.18745048848132,77.63848730375534,92.08019600611365,4845.659220129382,,,29.346023004840102,50.0354502488035,7.322782179148951,,,0.201,,,,,1.161391922117904,1.161391922117904,1.7420878831768563,1.7420878831768563,1.5538443043611354,1.0068688904249288,1.0834985520105294,-15.303798540130618,10.942285843885958,,,,False,False,42,0.00016800000005900984
60,0.883330399999999,52.99982399999994,42.99982799999994,75.5530599623818,75.5530599623818,88.7790443472566,6376.79471722812,0.125858352235761,34.219526817497,49.050803999169,7.33875213699545,0.439982301626356,0.14999396646353,0.200207999908906,10.6019898755672,10.5970604629035,9.59523537216938,0.890926250056509,1.10638871830358,1.10638871830358,1.65958307745538,1.65958307745538,1.69751064240624,1.00109714427887,1.05318973693207,-17.0226196166107,10.5756795789924,1531.23157181184,27.46317430757,1.0,802.5728756560367,44,78.62885498529081,78.62885498529081,90.27258144828266,4731.657289817627,0.10375651703628548,490.94028020082703,28.866751176350483,50.258972578679405,7.320846385065254,,,0.201,11.495184972346973,11.174494392932958,10,0.9914044058141946,1.1874419816507535,1.1874419816507535,1.7811629724761304,1.7811629724761304,1.4887293798641112,1.0071567386751754,1.0966441205638244,-14.480986321086878,11.109841306377682,,23.81204006657861,0.9852336047887342,False,False,43,0.00017200000006312166,44,87.81979736172086,77.61311454257759,92.13633650406351,4854.519028135723,,,28.911996980095445,50.236793920952024,7.321038076101781,,,0.201,,,,,1.1607044779702838,1.1607044779702838,1.7410567169554256,1.7410567169554256,1.55558787432956,1.0069701112099891,1.0832063319586211,-15.325505066712436,10.938619609290036,,,,False,False,43,0.00017200000006312166
61,0.899996999999999,53.99981999999994,43.99982399999994,75.8523522787514,75.8523522787514,88.2811644287404,6442.5318898148,0.124596624299345,33.8365763444701,49.0252510865058,7.33897826861764,0.4399793077026,0.149992945807705,0.200206619131951,10.6687325058709,10.6636240945646,9.66234449022156,0.889540664415108,1.11453996435351,1.11453996435351,1.67180994653027,1.67180994653027,1.6756835380902,1.00119431194275,1.05730986816596,-16.7715360847378,10.6238883634892,1521.17496907124,27.46317430757,1.0,802.7177254118037,45,78.67128264080281,78.67128264080281,90.2082103181376,4734.23254110996,0.10173197600419917,481.62283127049733,28.432914847139642,50.46359209847226,7.31908183010438,,,0.201,11.515959645073204,11.185888027378024,10,1.0026043685399537,1.1885370187218214,1.1885370187218214,1.782805528082732,1.782805528082732,1.4860328109834449,1.007280077658581,1.0972526101891376,-14.446438808373333,11.11772144917615,,23.45423533078477,0.9779509926524697,False,False,44,0.00017600000006012806,45,88.45292763489792,77.59220617306578,92.18444398284375,4863.514863916029,,,28.48494868790984,50.43780856558686,7.319303782351348,,,0.201,,,,,1.1601350994794868,1.1601350994794868,1.7402026492192302,1.7402026492192302,1.5570329805886503,1.0070703422027931,1.0829725377949981,-15.343482056374732,10.935688229440519,,,,False,False,44,0.00017600000006012806
62,0.916663599999999,54.99981599999994,44.99981999999994,75.9708008008346,75.9708008008346,88.0999761228679,6460.77665180316,0.123341340591139,33.4611166994841,48.9978608485006,7.33922073856378,0.439976085913364,0.149991847470465,0.200205134668159,10.72820037341,10.7229147025288,9.72278333156451,0.888055771247309,1.11773860650178,1.11773860650178,1.67660790975268,1.67660790975268,1.66716971537599,1.00129827050518,1.05895956920023,-16.6725345556615,10.6433353564961,1542.56125316056,26.9316846508083,1.0,796.8808534933323,46,78.71644085424776,78.71644085424776,90.13987875319924,4737.009218676431,0.0997080075326876,472.3177508582002,28.005188171412367,50.668151393066566,7.317324931806106,,,0.201,11.536733896426473,11.197270681641246,10,1.0137814989504388,1.1897037238732495,1.1897037238732495,1.7845555858098743,1.7845555858098743,1.4831633418313672,1.007403777000739,1.0978970489039788,-14.409638243921162,11.126079098168933,,23.101743313300958,0.9692864602303972,False,False,45,0.00018000000005713446,46,89.08619082379676,77.57510920555234,92.22556616330724,4872.615209286869,,,28.064436441302888,50.638485372830445,7.317579284130261,,,0.201,,,,,1.1596665608049255,1.1596665608049255,1.739499841207388,1.739499841207388,1.5582228222441432,1.0071696741921323,1.0827886182234567,-15.358274132921014,10.933383338473355,,,,False,False,45,0.00018000000005713446
63,0.933330199999999,55.99981199999994,45.99981599999994,76.0679788757078,76.0679788757078,87.9538317430392,6474.35058644573,0.122095612908279,33.093750004602,48.968739989156,7.33947870329756,0.43997278415679,0.149990721871633,0.20020361381659,10.7809111878464,10.7754500369831,9.77662007077021,0.886476905019663,1.12035291124849,1.12035291124849,1.68052936687273,1.68052936687273,1.66023267846188,1.00140461277624,1.06031858555674,-16.5914386851553,10.6594175608632,1539.38239116438,26.9316846508083,1.0,790.489803035167,47,78.76385597493773,78.76385597493773,90.06831864979293,4739.960971985346,0.09768474381835462,463.0218732573877,27.58316115475576,50.87263840290527,7.315575729338265,,,0.201,11.557503071948297,11.208637883823958,10,1.024933365709023,1.1909296319466711,1.1909296319466711,1.7863944479200067,1.7863944479200067,1.4801522475564002,1.007527884373694,1.0985712396577316,-14.37097977922193,11.134835754159653,,22.75421538927255,0.9592898050447745,False,False,46,0.00018400000006124628,47,89.71907781239949,77.56130936124748,92.26054321308531,4881.793049765838,,,27.650039744105268,50.838816442069614,7.315864559962542,,,0.201,,,,,1.159285288188971,1.159285288188971,1.7389279322834565,1.7389279322834565,1.5591915012437383,1.0072681859242127,1.0826478385464573,-15.370310400272192,10.931619761519677,,,,False,False,46,0.00018400000006124628
64,0.949996799999999,56.99980799999994,46.99981199999994,76.37142955164,76.37142955164,87.4686763240796,6538.5493903028,0.120856425353464,32.7334563398753,48.9384649667317,7.33974700726959,0.439969411944706,0.149989572253877,0.200202060905483,10.8278420364261,10.822206957885,9.82417374484404,0.884835767297773,1.12851748523393,1.12851748523393,1.6927762278509,1.6927762278509,1.63869198771336,1.00151271656854,1.06445084215862,-16.3372307590574,10.7086603106974,1549.57859632022,26.3997295962671,1.0,790.2257063090678,48,78.81333381098973,78.81333381098973,89.99423670545353,4742.963455864421,0.09566231233826986,453.722851523902,27.166441608872187,51.07704156670128,7.313834256778584,,,0.201,11.578263839223984,11.219986457094755,10,1.0360576234304726,1.1922096358552763,1.1922096358552763,1.7883144537829145,1.7883144537829145,1.4770126342647723,1.0076524428312474,1.0992726552965575,-14.330626480298537,11.143960291288266,,22.411318438239057,0.9480166531120451,False,False,47,0.00018800000005825268,48,90.35128400520045,77.5504939911537,92.29012673578147,4890.891971035738,,,27.241358163063897,51.038794568358995,7.314159582638604,,,0.201,,,,,1.1589830284564915,1.1589830284564915,1.7384745426847372,1.7384745426847372,1.5599597216451686,1.007365948687148,1.082546115676124,-15.379851834569315,10.930345825723002,,,,False,False,47,0.00018800000005825268
65,0.966663399999999,57.99980399999994,47.99980799999994,76.4794725247858,76.4794725247858,87.3118274549539,6553.10499039408,0.119626840558409,32.3807288370061,48.9067554728639,7.3400282082508,0.439965820391551,0.149988347860756,0.200200408186514,10.8679770709717,10.8621704003574,9.86554985087396,0.883116854016407,1.13140050778987,1.13140050778987,1.6971007616848,1.6971007616848,1.63113042343992,1.00162762415958,1.06594836572083,-16.2471604921485,10.7266330169344,1546.07388113621,26.3997295962671,1.0,783.927245848387,49,78.86992598759687,78.86992598759687,89.91949106857273,4743.341732047792,0.093640922346304,444.1708947926704,26.754671791763656,51.281345403172594,7.31210058063801,,,0.201,11.599036394783118,11.23133601752306,10,1.0471520057352004,1.1936765912620737,1.1936765912620737,1.7905148868931104,1.7905148868931104,1.4734199268667134,1.0077776076653588,1.1000676787510295,-14.284394153319123,11.154320140916006,,22.07273380720865,0.9355271252315667,False,False,48,0.0001920000000623645,49,90.98596081206199,77.54580430153868,92.3143002053461,4896.4145550939165,,,26.83803217948261,51.2384077647892,7.312464365760974,,,0.201,,,,,1.15884284609048,1.15884284609048,1.73826426913572,1.73826426913572,1.5603160934215472,1.0074631037416588,1.082524975965769,-15.3842768178349,10.930081119373586,,,,False,False,48,0.0001920000000623645
66,0.983329999999999,58.999799999999944,48.99980399999994,76.6266062855363,76.6266062855363,87.0908470145372,6577.82682664349,0.118398560488056,32.0329574644034,48.8734962403292,7.3403233070857,0.439962157796408,0.149987099248775,0.200198723185509,10.9023964220183,10.8964201856321,9.90118930672772,0.881314218051557,1.13532410150455,1.13532410150455,1.70298615225682,1.70298615225682,1.62087707970195,1.00174448440714,1.06796663090509,-16.1243560928428,10.7509623783791,1556.71477691457,25.8786647085675,0.99988089961027,778.8052274143066,50,78.95441676448172,78.95441676448172,89.79546658033644,4740.742853082698,0.09162058569828782,434.34963684440885,26.3474687105582,51.48555415038629,7.310374599817608,,,0.201,11.619911282351099,11.242774183892125,10,1.0582140857896363,1.195877092513203,1.195877092513203,1.7938156387698045,1.7938156387698045,1.4680416305078845,1.00790399593886,1.1012294115430243,-14.215075366356194,11.169492130837916,,21.73817083080797,0.9218847040618683,False,False,49,0.0001960000000593709,50,91.64898698214444,77.57312414250976,92.27793190164184,4899.003942285869,,,26.43966184994113,51.437670414825405,7.310778699936221,,,0.201,,,,,1.1595490314876835,1.1595490314876835,1.7393235472315252,1.7393235472315252,1.5585213799235897,1.0075603712722596,1.0829262930989274,-15.361984450632681,10.935108593142427,,,,False,False,49,0.0001960000000593709
67,0.999996599999999,59.99979599999994,49.999799999999944,76.8468094295047,76.8468094295047,86.755666643376,6619.63069498741,0.117195752518069,31.6966820484332,48.8393948374234,7.34062610220977,0.4399583920845,0.149985815483352,0.200196991233468,10.9307927096481,10.9246493443714,9.93065479500719,0.879465888439881,1.14118762851086,1.14118762851086,1.71178144276629,1.71178144276629,1.60563442747786,1.00186429686479,1.07095536887357,-15.9404061624779,10.7872155919826,1556.48060900299,25.5780836165089,0.998908607642081,775.7926006907576,51,79.03506415152896,79.03506415152896,89.67653438617023,4742.809394961039,0.08960082753192644,424.95964661470447,25.944364076827448,51.689707455653874,7.308655917097102,,,0.201,11.64074526427119,11.254162284451638,10,1.069242553814069,1.197976338343933,1.197976338343933,1.7969645075158995,1.7969645075158995,1.4629230284248436,1.0080315144183338,1.1023411789722246,-14.148984767204833,11.184048918733799,,21.407318327328536,0.9071551273233529,False,False,50,0.0002000000000563773,51,92.30370105870455,77.59571353478756,92.2485466839031,4906.915218124257,,,26.045770194437342,51.63662935933232,7.309102105882664,,,0.201,,,,,1.1601299898210393,1.1601299898210393,1.740194984731559,1.740194984731559,1.5570459531642158,1.0076576442613747,1.083265115551739,-15.343643377112652,10.939356911900218,,,,False,False,50,0.0002000000000563773
68,1.0166632,60.999792,50.999795999999996,77.1058151359961,77.1058151359961,86.3648839719298,6669.60062093688,0.115986766634314,31.3628975110945,48.8040094059148,7.34094046678044,0.439954474641053,0.149984479991268,0.200195190238407,10.9540243237383,10.9477160227065,9.95492230512754,0.877548360524088,1.14806344202804,1.14806344202804,1.72209516304205,1.72209516304205,1.58788235754121,1.00198869586905,1.07445203722753,-15.7241555589856,10.8299706949816,1548.04123963245,25.5780836165089,0.996952934507575,773.5854107646816,52,79.10172021449468,79.10172021449468,89.56893004867696,4748.931165434046,0.0875815874035045,415.9189299386884,25.544987865952415,51.893805426707985,7.30694447219937,,,0.201,11.661493329147783,11.26545696937458,10,1.0802380461121677,1.199707487181355,1.199707487181355,1.7995612307720323,1.7995612307720323,1.458710921666626,1.0081598446662836,1.1032696470562537,-14.094513448649971,11.19623366314465,,21.079795812422304,0.8914052356883579,False,False,51,0.0002040000000036457,52,92.94380958685915,77.6070992928582,92.23276457382964,4919.7377995711495,,,25.65598618610647,51.835289045436895,7.307434466724285,,,0.201,,,,,1.1604147613004394,1.1604147613004394,1.7406221419506591,1.7406221419506591,1.5563230754852588,1.0077546715439094,1.0834559954002567,-15.334652471166699,10.94175176402489,,,,False,False,51,0.0002040000000036457
69,1.0333298,61.999787999999995,51.999792,77.0108006779137,77.0108006779137,86.5349064650464,6634.97494504853,0.114783845744601,31.0347704302211,48.7674435723403,7.34126552389321,0.439950379347003,0.149983083868297,0.200193308315228,10.9708612043409,10.9643911009878,9.973826280363,0.875567147999391,1.1455152308048,1.1455152308048,1.7182728462072,1.7182728462072,1.59444602148083,1.00211859025655,1.07324415291527,-15.8043592564691,10.8151599343828,1560.14563510633,25.0926268852219,0.994261228750675,761.587940611743,53,79.13515749396967,79.13515749396967,89.51770486861469,4758.424471321639,0.08556311448027709,407.14561778544544,25.149042061411183,52.09781901777329,7.3052404486113955,,,0.201,11.68206731423676,11.276573369669507,10,1.0911990965619827,1.2005648026362774,1.2005648026362774,1.800847203954416,1.800847203954416,1.4566279602015269,1.00828824243901,1.1037620412499622,-14.06754842381361,11.202705917783273,,20.755302641086338,0.8747023826921053,False,False,52,0.0002080000000006521,53,93.5446305033959,77.58255552500282,92.28225992919204,4935.64000073717,,,25.270029411644245,52.03361848994605,7.305775962941568,,,0.201,,,,,1.1597500179844342,1.1597500179844342,1.7396250269766513,1.7396250269766513,1.5580108405754212,1.0078506502820561,1.0831724697551797,-15.355639409005343,10.93819493400817,,,,False,False,52,0.0002080000000006521
70,1.0499964,62.999784,52.999787999999995,77.39121533441,77.39121533441,85.9536149611614,6714.79852764145,0.113589970763294,30.7129775515896,48.7301252301586,7.34159758073221,0.43994635536015,0.149981712054597,0.200191458839738,10.9837047125038,10.9770747567692,9.98748621514348,0.873544897258398,1.15559530267774,1.15559530267774,1.73339295401661,1.73339295401661,1.5685872026797,1.00224559480185,1.07834265108846,-15.4867583785816,10.8779737129915,1551.8123324046,24.7717760079451,0.990506907538513,762.7337684362019,54,79.17008925011173,79.17008925011173,89.46474277532887,4763.496815659683,0.08354623391761304,397.97221922690875,24.756352914370755,52.30168490809193,7.303544311361261,,,0.201,11.702619548830537,11.287658843497155,10,1.1021227205702742,1.2014614244191744,1.2014614244191744,1.8021921366287614,1.8021921366287614,1.4544516211588925,1.008416740185896,1.1042741027168828,-14.03935502422869,11.209444274340418,,20.433596674896588,0.8571139687298046,False,False,53,0.00021200000000476393,54,94.14667362920017,77.5626597322883,92.32362788856356,4946.216165737911,,,24.887716066741685,52.231556528934235,7.304127023085177,,,0.201,,,,,1.1592082034730875,1.1592082034730875,1.7388123052096311,1.7388123052096311,1.55938739504484,1.007945690139068,1.0829498227758352,-15.37274377653262,10.935403508820915,,,,False,False,53,0.00021200000000476393
71,1.066663,63.999779999999994,53.999784,77.5663184743635,77.5663184743635,85.7038156578489,6743.17614655598,0.112400996141069,30.3961501036615,48.6917274133706,7.3419394245265,0.439942073904665,0.149980252467499,0.200189492207082,10.9908922845404,10.9841056190792,9.99611001485798,0.871464771527826,1.16020907378815,1.16020907378815,1.74031361068223,1.74031361068223,1.55684518015719,1.00238089291156,1.08071487881296,-15.3411465465383,10.9074650209018,1546.35052534764,24.7717760079451,0.98578222281733,757.9397160275873,55,79.21270421888516,79.21270421888516,89.4009235306579,4767.440227209726,0.08154292570462592,388.75102424860756,24.369135824405756,52.50538696848716,7.301856127718805,,,0.201,11.723172857360042,11.29873547616325,10,1.1130041661665147,1.2025601595926096,1.2025601595926096,1.8038402393889146,1.8038402393889146,1.4517876564580083,1.0085455077804035,1.1048871698094567,-14.004817743328271,11.217521962213437,,20.11453674292624,0.83870728156583,False,False,54,0.00021600000000177033,55,94.7538172844105,77.55145094135192,92.34992638346372,4955.611903924747,,,24.508751547789394,52.42909394367307,7.3024876388338305,,,0.201,,,,,1.1588961389754247,1.1588961389754247,1.738344208463137,1.738344208463137,1.5601806057925107,1.0080399905380055,1.0828414664877588,-15.382594591311314,10.934045532663239,,,,False,False,54,0.00021600000000177033
72,1.0833296,64.999776,54.999779999999994,77.5661286971739,77.5661286971739,85.7240683422457,6731.34779167894,0.111219372798044,30.0847368746446,48.6522743215818,7.3422909131327,0.439937676058625,0.149978753201804,0.200187472612896,10.9926309420993,10.9856908141084,9.99982081830638,0.869327799100574,1.16018117836437,1.16018117836437,1.74027176754655,1.74027176754655,1.55691599719504,1.002519592388,1.080770294787,-15.3420272611028,10.9081559582767,1550.97339389279,24.2900865741698,0.980553667756253,748.6562794760302,56,79.26094112534629,79.26094112534629,89.32927224028316,4771.264558631524,0.07956321570211251,379.6171512502446,23.989134007711776,52.708921470006345,7.300175861556127,,,0.201,11.74371571293102,11.309792202537292,10,1.1238412722598596,1.2038068013120178,1.2038068013120178,1.8057102019680267,1.8057102019680267,1.448769022863916,1.0086746682427858,1.1055742511455546,-13.96564689343774,11.226588018784033,,19.799922857329676,0.8195565238885455,False,False,55,0.00022000000000588216,56,95.36378757987956,77.54665214256612,92.36495681060205,4964.782082691278,,,24.13437481021851,52.62623253004284,7.300857710992968,,,0.201,,,,,1.1587536487586434,1.1587536487586434,1.7381304731379652,1.7381304731379652,1.5605428792362255,1.00813369882216,1.0828174428239452,-15.387092360781459,10.933744503347565,,,,False,False,55,0.00022000000000588216
73,1.0999962,65.99977200000001,55.999776000000004,77.8212903955476,77.8212903955476,85.3487842303627,6779.85197530751,0.110045444807345,29.7787698367635,48.6122911537054,7.34264744023892,0.439933281934806,0.149977255205047,0.200185454712821,10.9915003073981,10.9844085263014,10.0,0.867162116534018,1.16690189281924,1.16690189281924,1.75035283922886,1.75035283922886,1.53991636941032,1.002657580499,1.08419628571271,-15.1297596203787,10.9510500159263,1544.60721184412,23.9777076726019,0.97417277508722,746.0918263506716,57,79.31258004879913,79.31258004879913,89.2529768643421,4775.133285981138,0.07761543935544263,370.6240679722245,23.61770276417949,52.912286473803746,7.298503462426777,,,0.201,11.764236567028389,11.320817970761782,10,1.1346325867928972,1.205142975082804,1.205142975082804,1.8077144626242059,1.8077144626242059,1.445538244300764,1.0088042945196665,1.1063062501752534,-13.923682021986181,11.236262070785315,,19.11634116239532,0.7982548638217474,False,False,56,0.00022399999999578313,57,95.97430847957419,77.54595010193742,92.3726205755861,4973.929044283635,,,23.766366297519713,52.822975832594025,7.29923712737508,,,0.201,,,,,1.1587195658993612,1.1587195658993612,1.7380793488490418,1.7380793488490418,1.5606295413190143,1.008226909733505,1.082847272577811,-15.388168186714783,10.934118288652193,,,,False,False,56,0.00022399999999578313
74,1.1166628,66.999768,56.99977200000001,78.084735280383,78.084735280383,84.9675568675221,6828.53082820922,0.108876908897032,29.4773761060529,48.5713483334491,7.34301275697857,0.439928720694653,0.149975700236814,0.200183360769184,10.9901613719914,10.9829181127619,10.0,0.86494506677991,1.17382868213645,1.17382868213645,1.76074302320468,1.76074302320468,1.52252544997642,1.00280079254975,1.08772782300203,-14.9108967094951,10.995631989878,1536.38826761525,23.9777076726019,0.966867652116254,743.4693288835097,58,79.36627244540907,79.36627244540907,89.17395671086612,4779.032695294955,0.07570645381755399,361.8036180389281,23.255877628896673,53.115480074793496,7.296838880203213,,,0.201,11.784727898884002,11.331805635868635,10,1.1453767953201406,1.2065332311815429,1.2065332311815429,1.8097998467723144,1.8097998467723144,1.4421818007122513,1.0089344291671707,1.107065496235014,-13.8800404476955,11.246312893104575,,18.820356890205534,0.7763972888057061,False,False,57,0.00022799999999278953,58,96.5840422013363,77.54796496699146,92.37526436518625,4983.022871572277,,,23.406124832251805,53.01932714545018,7.2976257794147115,,,0.201,,,,,1.158757393046918,1.158757393046918,1.7381360895703768,1.7381360895703768,1.5605333588743497,1.0083196865958561,1.082912772693688,-15.386974171909014,10.934939138900477,,,,False,False,57,0.00022799999999278953
75,1.1333294,67.999764,57.999768,78.0779619206201,78.0779619206201,84.9999099052911,6814.59372618396,0.107714297467358,29.1805641491713,48.5295356354187,7.34338611569954,0.439923986766201,0.149974086397569,0.200181188246561,10.9880429194806,10.9806487501384,10.0,0.862681345486635,1.17362526351064,1.17362526351064,1.76043789526596,1.76043789526596,1.52303429249062,1.00294942477394,1.08770053151054,-14.917324118169,10.9952860387891,1538.56567117678,23.4980476575453,0.959289323845792,734.0291757413706,59,79.42121721116344,79.42121721116344,89.09334626377535,4782.952355734776,0.07384182089601521,353.18191120634134,22.904430715064176,53.3185004892844,7.295182064359335,,,0.201,11.80518467424275,11.342750463832065,10,1.1560726261297394,1.207956521445182,1.207956521445182,1.811934782167773,1.811934782167773,1.4387509903790923,1.0090650967056505,1.1078414970454538,-13.835385840555265,11.256603051718702,,18.168654397575526,0.7525481965576101,False,False,58,0.00023199999999690135,59,97.19220483098698,77.55187211150393,92.3743065369804,4992.05426742061,,,23.054732036562562,53.21528976952882,7.29602356000082,,,0.201,,,,,1.158845313313774,1.158845313313774,1.738267969970661,1.738267969970661,1.5603098207744055,1.0084120739184261,1.0830030772981583,-15.38419893855275,10.936071050056672,,,,False,False,58,0.00023199999999690135
76,1.149996,68.99976,58.999764,78.191362975973,78.191362975973,84.8456839900191,6829.7726801842,0.106559101254327,28.8885171537903,48.4868187656062,7.34376792587804,0.439919258847544,0.149972474607117,0.200179018459006,10.9862013174081,10.9786561128826,10.0,0.860368630867015,1.17658961499487,1.17658961499487,1.76488442249231,1.76488442249231,1.51563030532539,1.00309714817096,1.08925508677542,-14.8236641710343,11.0150271470073,1535.64320817384,23.1991270589763,0.950492901511433,727.7744385717845,60,79.47692036030787,79.47692036030787,89.01184348976548,4786.885860526314,0.07202597009498371,344.78009783836865,22.563917790218458,53.521346121056865,7.293532963444222,,,0.201,11.825603275776448,11.353649095372143,10,1.166718853867305,1.2093998765511849,1.2093998765511849,1.8140998148267773,1.8140998148267773,1.4352773752096912,1.009196310554686,1.1086277866901422,-13.790127361275982,11.267047721583854,,17.894086496143885,0.7283931142149215,False,False,59,0.00023600000000101318,60,97.79833755078207,77.55717255108966,92.37061606076534,5001.016830217406,,,22.71300689042375,53.41086707531974,7.294430362938114,,,0.201,,,,,1.15897012190594,1.15897012190594,1.73845518285891,1.73845518285891,1.5599925304249882,1.008504104790189,1.0831116128512301,-15.380259245635717,10.937431796725383,,,,False,False,59,0.00023600000000101318
77,1.1666626,69.999756,59.99976,78.561446041431,78.561446041431,84.3060873070541,6902.84650695299,0.105409658494417,28.6008041177022,48.4436654251351,7.34415391303966,0.43991446308693,0.149970839688726,0.200176817801331,10.985033277797,10.9773366235461,10.0,0.858032945565355,1.18631114734767,1.18631114734767,1.77946672102151,1.77946672102151,1.49151752254286,1.00324668203097,1.09418575911565,-14.5166703623664,11.0781164037974,1524.09766926535,23.1991270589763,0.940852157608999,727.6266929372939,61,79.53307377125377,79.53307377125377,88.92988199230345,4790.8275879636585,0.07026234404774247,336.61477625891877,22.234717471596245,53.724015576882294,7.291891524976391,,,0.201,11.845980964436107,11.364499023903601,10,1.177314301946201,1.2108552161131019,1.2108552161131019,1.8162828241696527,1.8162828241696527,1.4317805832798833,1.009328077229849,1.1094203357258374,-13.74452017151629,11.277593942770057,,17.62806077360817,0.704047364424441,False,False,60,0.00023999999999801958,61,98.40217059215321,77.56355669394627,92.36474108247795,5009.90569000238,,,22.381551550017218,53.60606252696371,7.292846082733752,,,0.201,,,,,1.159123623523238,1.159123623523238,1.738685435284857,1.738685435284857,1.5596023552073721,1.0085958051829664,1.083234302344952,-15.375413725522694,10.938970419468962,,,,False,False,60,0.00023999999999801958
78,1.1833292,70.999752,60.999756000000005,78.5307073416955,78.5307073416955,84.3761966180732,6883.07853351749,0.104264528745562,28.3168795627012,48.3998275794515,7.34454633870407,0.439909425245073,0.149969122242639,0.200174506988441,10.9827417638113,10.9748945012819,10.0,0.855660721215827,1.18547528243383,1.18547528243383,1.77821292365075,1.77821292365075,1.49358063576384,1.0034041029075,1.09384695502945,-14.5430508789881,11.0737582206836,1525.84393356836,22.7252695216251,0.931161391042439,717.660939615895,62,79.58948210217287,79.58948210217287,88.84773519150478,4794.7725459061,0.0685535279301345,328.69857364441594,21.91706371299811,53.92650766755975,7.290257695456974,,,0.201,11.866315552805077,11.375298279122557,10,1.1878578422604358,1.212317426065611,1.212317426065611,1.8184761390984168,1.8184761390984168,1.4282730080933106,1.0094603988894422,1.1102165929346972,-13.698726004540763,11.288208106713629,,17.370873024684567,0.6796202231553325,False,False,61,0.00024399999999502597,62,99.00354677546964,77.57082780062689,92.35703758986017,5018.716837425847,,,22.06078965487765,53.80087968918713,7.291270614527068,,,0.201,,,,,1.1593006081098531,1.1593006081098531,1.7389509121647797,1.7389509121647797,1.5591525709986298,1.0086871965170292,1.083368556342355,-15.369826784325117,10.940654584951993,,,,False,False,61,0.00024399999999502597
79,1.1999958,71.999748,61.99975199999999,78.6088455331446,78.6088455331446,84.2771274605984,6890.0810485693,0.10312668764396,28.037341303216,48.3553517930897,7.34494487233065,0.439904407286476,0.149967411574935,0.200172205223567,10.9807111086172,10.972713117661,10.0,0.853254093537544,1.18750576212414,1.18750576212414,1.78125864318622,1.78125864318622,1.48857222871778,1.00355998835878,1.0949391223604,-14.478973908454,11.0878194415986,1523.65755371286,22.7252695216251,0.920218842545853,710.5512361373746,63,79.64619619024859,79.64619619024859,88.76570920285164,4798.60234752831,0.0669013687078504,321.033064934348,21.61107348991331,54.128821175675185,7.2886314222541575,,,0.201,11.886606012416157,11.386046006685028,10,1.198348394135291,1.213787873994232,1.213787873994232,1.820681810991348,1.820681810991348,1.4247514532899812,1.0095932788284703,1.1110172425048401,-13.65270341941403,11.29889960966262,,17.122706025779774,0.6552143736274842,False,False,62,0.00024800000001334865,63,99.60245398726957,77.57893443492031,92.3477427125676,5027.271182812875,,,21.750999412191963,53.99532190032876,7.289703856706503,,,0.201,,,,,1.15949970750729,1.15949970750729,1.7392495612609349,1.7392495612609349,1.5586466881325522,1.0087782989344078,1.083513702158406,-15.363541554373207,10.942475989293513,,,,False,False,62,0.00024800000001334865
80,1.2166624,72.99974399999999,62.999748000000004,79.0100890417035,79.0100890417035,83.6954519243376,6969.45962975824,0.1019943624996,27.7616962161466,48.3105577392475,7.34534658195072,0.439899342377275,0.149965684901344,0.200169882094915,10.9795416136324,10.9713923176924,10.0,0.850830877621775,1.19803968549777,1.19803968549777,1.79705952824666,1.79705952824666,1.46276875394819,1.00371682648314,1.10027923614771,-14.1469910246597,11.1570800663633,1511.314586339,22.211418192105,0.90937062283119,710.84559190389,64,79.70819642386614,79.70819642386614,88.6847437569865,4799.622048302596,0.06530717315850175,313.4497482038605,21.316787949135783,54.330950229464605,7.287012690568046,,,0.201,11.906873743693842,11.396762822641078,10,1.2087849112749869,1.2153978111475257,1.2153978111475257,1.8230967167212886,1.8230967167212886,1.4209024812287705,1.0097268309648049,1.1118878460824244,-13.6023501932736,11.310546617139732,,16.883651163994774,0.6309254527257464,False,False,63,0.0002519999999961442,64,100.20196749348382,77.59091375842273,92.33420062302369,5031.470970601265,,,21.452366342096433,54.189385922227444,7.288145761742018,,,0.201,,,,,1.1598011723834276,1.1598011723834276,1.7397017585751415,1.7397017585751415,1.5578809176407067,1.008869200248368,1.0837098350727261,-15.354024460291985,10.94493821871471,,,,False,False,63,0.0002519999999961442
81,1.233329,73.99973999999999,63.999743999999986,78.9600980369072,78.9600980369072,83.7952287301248,6945.30977449399,0.100865846352383,27.489406977383,48.2652612234228,7.34575320033954,0.439894020414572,0.149963870595877,0.20016744199819,10.9771201378784,10.9688205223032,10.0,0.848380721563444,1.19669548093945,1.19669548093945,1.79504322140917,1.79504322140917,1.46604473213076,1.00388230289797,1.09969054417824,-14.1893053813459,11.1494034182531,1513.43426613219,22.211418192105,0.897128394380609,700.5445485838146,65,79.79833739637864,79.79833739637864,88.55652179954792,4797.485057374456,0.06377170299927103,305.94379222232453,21.03417498947286,54.53290795088837,7.28540133440124,,,0.201,11.927221370119268,11.407546964173942,10,1.219166143872688,1.2177497689514647,1.2177497689514647,1.826624653427197,1.826624653427197,1.4152919867147635,1.0098616762901709,1.1131294250736592,-13.528857665536627,11.327195061915281,,16.65374058526233,0.6068417745541168,False,False,64,0.0002560000000144669,65,100.83199344649589,77.63665409975279,92.25912873903663,5032.92528840069,,,21.16496920882522,54.38309876396643,7.286596041152074,,,0.201,,,,,1.1609945524592375,1.1609945524592375,1.7414918286888563,1.7414918286888563,1.5548519971553074,1.0089606545407726,1.0843513790775732,-15.316346003294633,10.953000103047419,,,,False,False,64,0.0002560000000144669
82,1.2499956,74.99973600000001,64.99974,79.0733746048654,79.0733746048654,83.6451575292468,6960.04973924564,0.0997448436230389,27.2212073363951,48.2195401970329,7.34616405582049,0.439888728955558,0.149962066689395,0.200165015782176,10.9751194388988,10.9666692531575,10.0,0.845907785973395,1.19964896002489,1.19964896002489,1.79947344003734,1.79947344003734,1.45885319350956,1.00404576345387,1.10124753725937,-14.0963545600336,11.169729164899,1510.20556184826,21.7326876715749,0.885110205158457,694.229072849629,66,79.88282441196398,79.88282441196398,88.43578463469714,4800.030168195642,0.062294947516681916,299.01762740623735,20.763083435664516,54.734743053704506,7.283796907651037,,,0.201,11.947495121585222,11.418251333634966,10,1.2294918495221459,1.219953431612637,1.219953431612637,1.8299301474189555,1.8299301474189555,1.4100486633540166,1.009997681846826,1.1142975772355976,-13.460075804712035,11.342900216676021,,16.43294921052567,0.5830441080112707,False,False,65,0.0002599999999972624,66,101.45059376544106,77.67410919746898,92.19817709990645,5040.191526460145,,,20.888749946188565,54.576516238566626,7.285054181259281,,,0.201,,,,,1.1619685791854795,1.1619685791854795,1.7429528687782192,1.7429528687782192,1.552382729744553,1.0090524732397397,1.0848836325735332,-15.28558872147147,10.959697918940446,,,,False,False,65,0.0002599999999972624
83,1.2666622,75.99973200000001,65.99973600000001,79.4228711583381,79.4228711583381,83.1451290189349,7026.76725821563,0.0986293453807428,26.9566247184785,48.1737191932202,7.34657616384403,0.439883369580796,0.149960239629817,0.200162558662526,10.973757507666,10.965156312871,10.0,0.843430113276554,1.20882370631539,1.20882370631539,1.81323555947309,1.81323555947309,1.43666332992576,1.00421097703681,1.10591292982294,-13.808190853687,11.2310620120251,1499.59875930071,21.4227562218318,0.871785520570405,693.0454548206445,67,79.95187277277937,79.95187277277937,88.32899415032297,4806.621983868403,0.060876534843413696,292.6104906800831,20.503312784463457,54.93646384771617,7.282199290026619,,,0.201,11.967651757598686,11.428834833423492,10,1.2397636126916975,1.2217505493620515,1.2217505493620515,1.8326258240430773,1.8326258240430773,1.405782259214648,1.0101344979860893,1.1152632403297578,-13.404040456048953,11.355913228828332,,16.221158934112903,0.5596053361001305,False,False,66,0.0002639999999871634,67,102.05291142829887,77.69822940052941,92.15782785579955,5052.931808825887,,,20.623583606073417,54.76964930269851,7.283520031235227,,,0.201,,,,,1.1625901833040757,1.1625901833040757,1.7438852749561136,1.7438852749561136,1.5508082606982512,1.0091443565396632,1.0852400331802556,-15.26595814408655,10.96418754461596,,,,False,False,66,0.0002639999999871634
84,1.2833288,76.999728,66.999732,79.4191785478406,79.4191785478406,83.1760435384908,7013.21904320585,0.097518321410535,26.6952479565195,48.1276177539031,7.34699121889256,0.43987778576436,0.149958336056032,0.200159999414401,10.9714198334786,10.9626684520053,10.0,0.84093758245217,1.20869637362498,1.20869637362498,1.81304456043748,1.81304456043748,1.43696974400552,1.00438357788298,1.10593562756717,-13.812183425437,11.2313619732776,1500.29189586919,21.4227562218318,0.857725884809774,683.9173487778328,68,79.98521995857847,79.98521995857847,88.27956368581036,4816.511143204666,0.059515798078173275,286.65850464024044,20.25462620808016,55.13804874541296,7.280608598330319,,,0.201,11.987597783734758,11.439208535184463,10,1.249980959998564,1.2226060429903447,1.2226060429903447,1.8339090644855172,1.8339090644855172,1.4037543222165247,1.0102713267148675,1.1157589674667219,-13.377384169722188,11.362604128300665,,16.018213112862075,0.5365904452800109,False,False,67,0.00026800000000548607,68,102.61195880432267,77.68197051753297,92.18916730454508,5068.310754947613,,,20.369309435890674,54.962468755022726,7.281993759587169,,,0.201,,,,,1.1621456160690178,1.1621456160690178,1.7432184241035267,1.7432184241035267,1.5519342022703995,1.0092354039996554,1.085063913496306,-15.279997950762208,10.96196846829518,,,,False,False,67,0.00026800000000548607
85,1.2999954,77.999724,67.999728,79.4747109058368,79.4747109058368,83.1140298121716,7014.62317067496,0.0964147006712657,26.4376846949533,48.0813412843539,7.34740828304527,0.439872202114902,0.149956432539171,0.200157440242725,10.9692342789618,10.9603326584709,10.0,0.838435901310731,1.21012960280841,1.21012960280841,1.81519440421262,1.81519440421262,1.43352332728045,1.00455521559592,1.10673734440076,-13.7672558635552,11.241966769392,1498.98394705539,20.9976920035186,0.84407514683848,676.312793322351,69,80.01978647174164,80.01978647174164,88.2287290359849,4821.832917435203,0.05821209268347603,280.6889846939737,20.016812746082273,55.33944114062584,7.279025222333797,,,0.201,12.007499203220158,11.449531218429675,10,1.2601419355333623,1.2234938478470476,1.2234938478470476,1.8352407717705714,1.8352407717705714,1.4016518550073935,1.010408194764177,1.116270840357034,-13.349734032575475,11.369520504317107,,15.823926725062627,0.5140566273471492,False,False,68,0.00027199999999538704,69,103.17379052747299,77.67145037266155,92.21046561798057,5077.85081020979,,,20.125780965911026,55.154918456318995,7.280475744484769,,,0.201,,,,,1.1618526863639205,1.1618526863639205,1.7427790295458807,1.7427790295458807,1.5526763939714543,1.0093257479895703,1.084963118838606,-15.28924851716527,10.960698889826828,,,,False,False,68,0.00027199999999538704
86,1.316662,78.99972,68.99972399999999,79.8729732984479,79.8729732984479,82.5426676922688,7091.79478751255,0.0953172527026817,26.1835921414832,48.0351531169716,7.34782491142967,0.439866583467343,0.14995451709114,0.200154865146142,10.967990464081,10.9589378941832,10.0,0.835939775523002,1.22060316734976,1.22060316734976,1.83090475102463,1.83090475102463,1.4085051790594,1.00472721261362,1.11205488839801,-13.4398105697637,11.3127838682116,1486.89015158455,20.6997208187991,0.829299600023247,675.9703958768946,70,80.06177362882195,80.06177362882195,88.167703543967,4825.937621559756,0.05696440286374811,274.9066548698483,19.78961608779021,55.54063110068208,7.277449181056205,,,0.201,12.027380432453953,11.459826276590073,10,1.2702428812376991,1.2245776885875945,1.2245776885875945,1.8368665328813918,1.8368665328813918,1.3990879898634612,1.0105452664621177,1.116880652831592,-13.315996618058893,11.377770246880841,,15.638134957876776,0.49205367366364217,False,False,69,0.0002760000000137097,70,103.74106692046819,77.66947110225671,92.21692593358057,5086.185883751236,,,19.892791482944475,55.346995541246315,7.278965940734226,,,0.201,,,,,1.1617853981454662,1.1617853981454662,1.7426780972181994,1.7426780972181994,1.5528469145584496,1.0094155825423552,1.0849746803684455,-15.291373397659608,10.960844499916316,,,,False,False,69,0.0002760000000137097
87,1.3333286,79.99971599999999,69.99972000000001,79.8014954340177,79.8014954340177,82.6759118158313,7063.01807169135,0.0942241921423012,25.9324720609426,47.9889293676864,7.34824223648809,0.439860714348765,0.149952516255261,0.20015217607686,10.9654630231235,10.9562606218487,10.0,0.833442447245034,1.21868458315659,1.21868458315659,1.82802687473489,1.82802687473489,1.41306613559318,1.00490765799895,1.11118677828619,-13.4996704940625,11.3011659280802,1489.80516299303,20.6997208187991,0.813895741907389,665.5071718915915,71,80.10914197940576,80.10914197940576,88.09940166231875,4829.818721427946,0.055771481840078733,269.366147112991,19.572754542298632,55.741620517664245,7.275880400979218,,,0.201,12.047230787157831,11.470083613213992,10,1.2802825480375282,1.2258038390973127,1.2258038390973127,1.8387057586459692,1.8387057586459692,1.396191257150068,1.0106826599210146,1.1175616508601667,-13.277853899414374,11.386995878820125,,15.460637568586103,0.4706241354258581,False,False,70,0.00027999999998939984,71,104.31142968959988,77.67365746493478,92.21260851192694,5094.225335071094,,,19.67010220352141,55.538706743813606,7.277464228635449,,,0.201,,,,,1.16188100258904,1.16188100258904,1.74282150388356,1.74282150388356,1.5526046392377038,1.0095050476418717,1.085067352064403,-15.288354319848299,10.962011784783071,,,,False,False,70,0.00027999999998939984
88,1.3499952,80.999712,70.99971599999999,79.9227897739185,79.9227897739185,82.5160160274151,7079.19856527298,0.0931388527929716,25.6849608708637,47.9427393805105,7.34865969656862,0.439854886823767,0.149950529599012,0.200149505934618,10.9634647557374,10.9541121480157,10.0,0.83094731055462,1.22185514498184,1.22185514498184,1.83278271747275,1.83278271747275,1.40553421186999,1.00508552031657,1.11285940507671,-13.4007807157102,11.3235704896287,1486.44086639676,20.2874849855754,0.79906965933336,659.3484330631758,72,80.15981778207569,80.15981778207569,88.02669258757788,4833.639692615234,0.054631922880009204,264.07103091670683,19.365931064040122,55.94241286236527,7.27431879725434,,,0.201,12.067040036619433,11.480293593648188,10,1.2902603112379434,1.22711764057476,1.22711764057476,1.8406764608621398,1.8406764608621398,1.3930918927336577,1.0108204465540378,1.1182865914276,-13.237013942266294,11.396831724341979,,15.291214486170805,0.44980360373245154,False,False,71,0.0002840000000077225,72,104.88259267784453,77.68167841613821,92.20153301243089,5102.153415445254,,,19.4574522727359,55.73006000017405,7.275970480700787,,,0.201,,,,,1.1620779075768926,1.1620779075768926,1.7431168613653387,1.7431168613653387,1.5521057332636687,1.0095942305236436,1.0852104386555936,-15.28213617815415,10.963814594292362,,,,False,False,71,0.0002840000000077225
89,1.3666618,81.999708,71.999712,80.2522868803048,80.2522868803048,82.0484972371632,7140.30494122039,0.0920591880741585,25.4405806327357,47.8968366134284,7.34907489792203,0.439848983175458,0.149948516991633,0.200146801154073,10.9620547136713,10.9525514512427,10.0,0.828468673898897,1.2305342957126,1.2305342957126,1.8458014435689,1.8458014435689,1.38505320764732,1.0052652450408,1.11728450322885,-13.1309527797124,11.3832396600171,1476.596095725,20.2874849855754,0.783180898301215,657.3306754906512,73,80.21239850324379,80.21239850324379,87.95150863647274,4837.430601701008,0.053544197202677786,259.016338091747,19.168838033162107,56.1430115558218,7.272764286503068,,,0.201,12.086801093923553,11.49044960073666,10,1.3001756499337143,1.228482122519769,1.228482122519769,1.8427231837796536,1.8427231837796536,1.3898778281389808,1.010958666249123,1.1190370434756436,-13.194631396231372,11.407029899475166,,15.129633643781345,0.42962106116954735,False,False,72,0.0002879999999976235,73,105.45312998165838,77.69206024445359,92.18624981468726,5109.996168370777,,,19.25456459873832,55.921062849867795,7.274484574201101,,,0.201,,,,,1.1623371689193003,1.1623371689193003,1.7435057533789504,1.7435057533789504,1.5514489955433082,1.0096831850860306,1.0853845311370123,-15.273948638979897,10.966008883433487,,,,False,False,72,0.0002879999999976235
90,1.3833284,82.999704,72.99970799999998,80.2320526789061,80.2320526789061,82.1054946666093,7123.21921855037,0.0909843548601832,25.1990307174772,47.8510950326678,7.34948903165647,0.439842872284474,0.149946433733343,0.200144002071304,10.9596955678433,10.9500425320414,10.0,0.825999414446414,1.22996530601115,1.22996530601115,1.84494795901672,1.84494795901672,1.38638977119614,1.0054518030526,1.11709357187887,-13.1486005710244,11.3806532499305,1477.91365118669,19.8351405626117,0.767964179652108,648.1015051274637,74,80.26602826037943,80.26602826037943,87.87502385286005,4841.195825667524,0.052506683315388,254.19513608610302,18.98116069770688,56.343419727739715,7.271216788653086,,,0.201,12.10650937404211,11.500547413656058,10,1.3100280643103475,1.2298747254577596,1.2298747254577596,1.8448120881866394,1.8448120881866394,1.3866026252939314,1.0110973396852598,1.1198017584907125,-13.151410579499963,11.417438839879393,,14.975654713407897,0.4100992754142385,False,False,73,0.00029200000001594617,74,106.0222133669335,77.70392869234655,92.16827858981252,5117.756371665838,,,19.06115007403376,56.11172229555902,7.2730063921668675,,,0.201,,,,,1.1626356818568062,1.1626356818568062,1.7439535227852092,1.7439535227852092,1.5506930586618104,1.009771945441658,1.08557811563049,-15.264521221479637,10.968449913826191,,,,False,False,73,0.00029200000001594617
91,1.399995,83.9997,73.999704,80.3103675709904,80.3103675709904,82.0108160970154,7129.52909752624,0.0899168869730671,24.9607915575214,47.8055993068661,7.34990134072263,0.439836770597642,0.149944353612832,0.200141207177261,10.9576208612315,10.9478178692657,10.0,0.823544038143154,1.23200526452506,1.23200526452506,1.8480078967876,1.8480078967876,1.38160186605266,1.00563692994536,1.11820509460295,-13.0853576539472,11.3957252249376,1475.97051808122,19.8351405626117,0.751520342456584,641.06506203346,75,80.32019442263338,80.32019442263338,87.79793863995704,4844.935917128903,0.05151769172456736,249.59991500393087,18.802579927487752,56.5436402211121,7.269676226844579,,,0.201,12.126161859547171,11.510584312037674,10,1.3198170630911488,1.2312819401403348,1.2312819401403348,1.8469229102105023,1.8469229102105023,1.3832982883484528,1.0112364760610488,1.1205739989427272,-13.107773135875997,11.427967558509378,,14.829031795083498,0.39125522135745017,False,False,74,0.00029600000000584714,75,106.58938091771219,77.71677798028766,92.14850340207711,5125.433240104539,,,18.876911013948256,56.302044856532405,7.271535822874822,,,0.201,,,,,1.1629600787365906,1.1629600787365906,1.7444401181048859,1.7444401181048859,1.5498718532392028,1.00986053424199,1.0857845320497561,-15.254276000354764,10.971053980642418,,,,False,False,74,0.00029600000000584714
92,1.4166616,84.999696,74.99970000000002,80.6533815397047,80.6533815397047,81.5221075107384,7193.41288464535,0.088855396982703,24.7255269290048,47.7605498046273,7.35030991806457,0.439830620179602,0.14994225687941,0.200138390109316,10.9563010684456,10.9463474982849,10.0,0.821113864338258,1.24106855449811,1.24106855449811,1.86160283174717,1.86160283174717,1.36046304107246,1.00582286845039,1.122825177197,-12.8053779558169,11.4587594955216,1465.69824961815,19.3712231053004,0.735834144675327,639.1735575256533,76,80.37459156432632,80.37459156432632,87.72066802352546,4848.650722120094,0.05057548614375985,245.22286741251597,18.632774488626087,56.74367563584755,7.2681425270400775,,,0.201,12.145756483226078,11.520558484723239,10,1.3295421633374498,1.2326957213993452,1.2326957213993452,1.8490435820990179,1.8490435820990179,1.3799838227517527,1.0113760777586824,1.1213497508694974,-13.063970129935669,11.438561694261994,,14.689515568349805,0.3731005214039619,False,False,75,0.00029999999998153726,76,107.1543819999353,77.7303155779936,92.12743975876639,5133.026290274366,,,18.701544013696864,56.49203664769546,7.270072759149407,,,0.201,,,,,1.1633026271534859,1.1633026271534859,1.7449539407302288,1.7449539407302288,1.549005012263783,1.0099489674941353,1.0859999293841613,-15.24345712297471,10.973772700968313,,,,False,False,75,0.00029999999998153726
93,1.4333282,85.99969200000001,75.999696,80.6143480483645,80.6143480483645,81.6082211168629,7172.18289678791,0.0877985364927839,24.4928453134559,47.7158471913919,7.35071572788019,0.439824253420886,0.149940086393484,0.200135474599285,10.9539486527198,10.9438454996597,10.0,0.81870310974773,1.23999678290658,1.23999678290658,1.85999517435986,1.85999517435986,1.3629514739651,1.00601595886074,1.12238637249221,-12.8383978058044,11.4527458541688,1467.66126770462,19.3712231053004,0.718873695566995,629.7071617965538,77,80.42903744977778,80.42903744977778,87.64345768024045,4852.340008358054,0.04967830175416771,241.05601114903206,18.471422947751655,56.94352836571365,7.266615617693625,,,0.201,12.165291748267244,11.530468666358145,10,1.3392028921615025,1.2341112731476473,1.2341112731476473,1.8511669097214711,1.8511669097214711,1.3766705150515868,1.0115161431163984,1.1221266198165911,-13.020151246547284,11.44918869632506,,14.55685506923913,0.3556418951405028,False,False,76,0.00030399999999985994,77,107.71708623680476,77.74437091783263,92.10539198325895,5140.535609044943,,,18.534742340117738,56.681703442971,7.268617097798306,,,0.201,,,,,1.163658817576653,1.163658817576653,1.7454882263649794,1.7454882263649794,1.5481039921498263,1.0100372573155996,1.086222063126606,-15.23220697770201,10.976577895534637,,,,False,False,76,0.00030399999999985994
94,1.4499948,86.999688,76.99969200000001,80.7055006761279,80.7055006761279,81.4943407996909,7181.33267180673,0.086749130815918,24.2632818344372,47.6715473681747,7.35111823944022,0.439817907252346,0.149937922926936,0.200132568459039,10.9519779536402,10.9417249318029,10.0,0.816314883119048,1.24238326141703,1.24238326141703,1.86357489212554,1.86357489212554,1.35741470120595,1.00620712256375,1.12367400035968,-12.7649075418912,11.4704082180192,1465.3306521075,18.9558104942228,0.702749584886698,622.9743673791879,78,80.48372350848686,80.48372350848686,87.56666539599689,4855.789651586686,0.048824368711125686,237.0808643327369,18.31820687617527,57.14320017031196,7.265095432960793,,,0.201,12.184767891822037,11.540315237366286,10,1.3487987880850212,1.2355336868355546,1.2355336868355546,1.8533005302533319,1.8533005302533319,1.3733464923154246,1.0116566747534312,1.1229071481325588,-12.976159988428915,11.459883496915777,,14.430799177930982,0.3388816107826872,False,False,77,0.0003079999999897609,78,107.75899884269712,77.75899884269712,92.0823863013889,5147.587869942842,,,18.376200439542767,56.87105001053996,7.267168744620129,,,0.201,,,,,1.1640300907757375,1.1640300907757375,1.7460451361636062,1.7460451361636062,1.5471651905901267,1.0101254169691247,1.0864516590002808,-15.22048002730517,10.979478870002296,,,,False,False,77,0.0003079999999897609
95,1.4666614,87.999684,77.99968799999999,81.0247589650202,81.0247589650202,81.0398667737544,7239.64307034972,0.0857055354036803,24.0364527534442,47.6278340992301,7.35151573999706,0.43981150483538,0.149935740284789,0.200129636724321,10.9506722892321,10.9402688277149,10.0,0.813959277627873,1.25084673147323,1.25084673147323,1.87627009720985,1.87627009720985,1.33789985449802,1.00639942024879,1.12799765249528,-12.5053102545129,11.5300692195331,1455.80948332685,18.9558104942228,0.685578050167987,620.4774854758666,79,80.54423742151198,80.54423742151198,87.48897349036775,4856.299650109479,0.04801201641008998,233.16073849337056,18.172831092105664,57.34268828914942,7.263581942030788,,,0.201,12.204210133478863,11.550122220280944,10,1.3583293802429333,1.2371110324287742,1.2371110324287742,1.8556665486431614,1.8556665486431614,1.3696666723857873,1.0117977995011496,1.1237652980748885,-12.927424961438065,11.471662382950045,,14.311099122011932,0.32281793761291366,False,False,78,0.0003120000000080836,79,107.83096425956323,77.83096425956323,91.96013661918171,5141.089019668426,,,18.225701241067153,57.06005808492263,7.265727781911767,,,0.201,,,,,1.1659137415173155,1.1659137415173155,1.7488706122759732,1.7488706122759732,1.5424080376623421,1.0102147204662808,1.0874366223724614,-15.160977570904187,10.99194183046741,,,,False,False,78,0.0003120000000080836
96,1.483328,88.99968,78.999684,80.9923665261924,80.9923665261924,81.1166443960901,7220.04222581917,0.0846668763112617,23.8120814123686,47.5846068758591,7.35190910019614,0.439804900084608,0.149933488665207,0.200126612921181,10.9484205944731,10.9378676476104,10.0,0.811631055134058,1.24994635105363,1.24994635105363,1.87491952658044,1.87491952658044,1.33996697870139,1.00659821952841,1.12764731211549,-12.5328481683553,11.5252146945477,1457.5920944568,18.5458367490956,0.669305272680433,611.2984220955183,80,80.63301612561838,80.63301612561838,87.365624474914,4853.837209850271,0.04723957856417031,229.2932242124151,18.035005748305018,57.54200949578143,7.262074966973333,,,0.201,12.223721809066358,11.559987440560645,10,1.367794004800334,1.2394384409736092,1.2394384409736092,1.8591576614604137,1.8591576614604137,1.3642490302344559,1.0119401425452694,1.1249984010168927,-12.855609310300974,11.488625435919356,,14.197524290707548,0.30744565394522133,False,False,79,0.00031599999999798456,80,107.92995501848262,77.92995501848262,91.79158062519491,5136.849545403923,,,18.082928037817588,57.2488213425172,7.264293441621018,,,0.201,,,,,1.16850854531587,1.16850854531587,1.7527628179738048,1.7527628179738048,1.5358708533130594,1.01030575988728,1.0887773786184174,-15.078998117417454,11.008953135900066,,,,False,False,79,0.00031599999999798456
97,1.4999946,89.999676,79.99967999999998,81.0785931227533,81.0785931227533,81.0101296778811,7228.03609273808,0.0836353219940602,23.5905594957087,47.5419225445521,7.35229789521769,0.439798311819685,0.149931242665802,0.200123596620232,10.9465277862982,10.9358250718725,10.0,0.809332656015613,1.25220951864151,1.25220951864151,1.87831427796226,1.87831427796226,1.33477516676266,1.00679528187904,1.12887629550096,-12.4636668022929,11.5422599250462,1455.43682468096,18.5458367490956,0.652017842673366,604.519126000838,81,80.71508145649389,80.71508145649389,87.25077819867795,4856.159289035246,0.04650511509723015,225.83624666706743,17.904387167165623,57.74121414132266,7.260574079650721,,,0.201,12.243141234083206,11.569757989059474,10,1.3771929416412356,1.2415893383017165,1.2415893383017165,1.8623840074525746,1.8623840074525746,1.35925498256882,1.0120835482469988,1.126143945754342,-12.789342249602853,11.50442370609675,,14.089848240863294,0.29275646427700874,False,False,80,0.00032000000001630724,81,108.0144332938786,78.0144332938786,91.64885496836398,5139.159045316561,,,17.947534510766356,57.43741374048268,7.262865114820809,,,0.201,,,,,1.1707191572252984,1.1707191572252984,1.7560787358379475,1.7560787358379475,1.5303161705224788,1.0103982018888893,1.0899270989776766,-15.009149910607462,11.023583204486059,,,,False,False,80,0.00032000000001630724
98,1.5166612,90.99967199999999,80.99967600000001,81.3839009826051,81.3839009826051,80.5743842696239,7283.11718752608,0.0826097176337295,23.3716107408326,47.4999223680665,7.3526806848912,0.439791669986063,0.14992897840434,0.200120555944207,10.9452840744937,10.9344310076091,10.0,0.807072499512287,1.26033447613084,1.26033447613084,1.89050171419626,1.89050171419626,1.31624665103628,1.00699327569911,1.13303370867691,-12.2163450247173,11.6002460073224,1446.33081695608,18.1430796094879,0.635681439246766,601.6562543548915,82,80.7803978628761,80.7803978628761,87.15236838002855,4862.621469078171,0.04580675327728593,222.74090191489742,17.780639212020667,57.940311945564645,7.259079162250473,,,0.201,12.262423325021297,11.579391516302502,10,1.3865280411590135,1.2432969032352401,1.2432969032352401,1.86494535485286,1.86494535485286,1.3552989732785536,1.0122276382910158,1.127068577289502,-12.736805359814602,11.517203222690704,,13.987802474348143,0.27873919146473913,False,False,81,0.00032399999999199736,82,108.07954603163195,78.07954603163195,91.53856810089873,5147.514909559398,,,17.819177887311934,57.62585832893362,7.26144258412777,,,0.201,,,,,1.172418525351263,1.172418525351263,1.7586277880268943,1.7586277880268943,1.5260552249177586,1.010491608131354,1.0908221543574004,-14.955453866135077,11.034999897767023,,,,False,False,81,0.00032399999999199736
99,1.5333278,91.999668,81.99967199999999,81.3528890813257,81.3528890813257,80.6497824387592,7263.95196604078,0.0815889091428315,23.1549103244815,47.4585235740677,7.35305833640516,0.439784834402829,0.149926648091874,0.200117427105912,10.9431371478747,10.9321346773946,10.0,0.804845364837092,1.2594656877926,1.2594656877926,1.8891985316889,1.8891985316889,1.31821963533131,1.0071975564165,1.13270188926066,-12.2427104042049,11.5955994855307,1448.09778326168,18.1430796094879,0.618373011693079,592.6579169751934,83,80.80964156970337,80.80964156970337,87.1099087700071,4872.15972842143,0.04514270859930261,219.942486869386,17.663438801197646,58.13928181884005,7.257590328600144,,,0.201,12.281477402427114,11.58880277345822,10,1.3957992287318126,1.2440470701683817,1.2440470701683817,1.8660706052525726,1.8660706052525726,1.3535634499988718,1.0123716060034893,1.1275153306946146,-12.713745237709777,11.523386807413146,,13.891124384391144,0.26538018239741573,False,False,82,0.00032800000001032004,83,108.1005033643511,78.1005033643511,91.50383891550217,5157.927549125989,,,17.697545591581004,57.814131613673894,7.260025984538846,,,0.201,,,,,1.1729546489660454,1.1729546489660454,1.7594319734490682,1.7594319734490682,1.5247126074668014,1.010584994260331,1.0911366512242169,-14.938513685852651,11.039017050203752,,,,False,False,82,0.00032800000001032004
100,1.5499944,92.99966400000001,82.999668,81.4372281272826,81.4372281272826,80.5457705106634,7271.51963052287,0.0805755220214141,22.9409416669932,47.4177610156335,7.35343045144167,0.439778014629841,0.149924323169264,0.200114305462403,10.9413473530154,10.9301951806889,10.0,0.802653505539638,1.26168692904709,1.26168692904709,1.89253039357063,1.89253039357063,1.31317920268978,1.00740002954493,1.13391263583148,-12.1753410727059,11.6125691999885,1446.00949660758,17.7868590774954,0.602058277633512,585.9064901183405,84,80.84072554851012,80.84072554851012,87.0651396785432,4877.120688353601,0.044511527663165004,217.08809243624563,17.552528260549515,58.33806951875057,7.256107937663704,,,0.201,12.300477918208566,11.598156756235785,10,1.4050050166889763,1.2448463338857683,1.2448463338857683,1.8672695008286524,1.8672695008286524,1.3517159714369948,1.0125154928467162,1.127986546777686,-12.689189728783436,11.529915277293549,,13.799561563435661,0.25266370548514483,False,False,83,0.000332000000000221,84,108.12786094069371,78.12786094069371,91.45841203002895,5162.337453902649,,,17.582386126230645,58.00218654349028,7.258615625594798,,,0.201,,,,,1.1736591963539609,1.1736591963539609,1.7604887945309413,1.7604887945309413,1.5229494031366593,1.0106785018181728,1.091535265708969,-14.916251941593714,11.044112882287418,,,,False,False,83,0.000332000000000221
101,1.566661,93.99966,83.99966400000001,81.7276584667585,81.7276584667585,80.1297644306317,7323.23815169754,0.0795680760920373,22.7293654723579,47.3777657197077,7.35379580126616,0.439771142299403,0.149921980329342,0.200111159903998,10.9401781090913,10.9288756496862,10.0,0.800504046783317,1.26944856334683,1.26944856334683,1.90417284502025,1.90417284502025,1.29566744065826,1.00760344075498,1.13789127776923,-11.9409741346451,11.6686326014037,1437.33587952896,17.7868590774954,0.585003170560602,582.6959704943804,85,80.87951695284127,80.87951695284127,87.00995921051549,4880.8590468784905,0.04391166512605687,214.32664799401337,17.447634121020116,58.536666620067564,7.254632003495458,,,0.201,12.319448996740466,11.607476332969835,10,1.4141424428711278,1.2458506746326128,1.2458506746326128,1.8687760119489192,1.8687760119489192,1.349396846745417,1.0126594706322811,1.1285601584023484,-12.658354151892524,11.537871104733801,,13.71291270355431,0.24057248980530377,False,False,84,0.000335999999990122,85,108.16351199249988,78.16351199249988,91.39928926078694,5165.650023242106,,,17.473423658512893,58.190027946315865,7.257211425560435,,,0.201,,,,,1.1745819066590764,1.1745819066590764,1.7618728599886144,1.7618728599886144,1.5206422796287762,1.0107723133526532,1.0920429132852951,-14.887097418740522,11.0506094112404,,,,False,False,84,0.000335999999990122
102,1.5833276,94.999656,84.99965999999999,81.6937539756892,81.6937539756892,80.2101927055356,7303.60441454476,0.0785661131917878,22.520009931644,47.3384543521635,7.35415510399819,0.43976408508592,0.149919574461109,0.200107930217963,10.9381385997669,10.9266868030975,10.0,0.79839264644761,1.26849652075489,1.26849652075489,1.90274478113234,1.90274478113234,1.29780700605781,1.00781267519581,1.13752034971497,-11.9696324762982,11.6633864519874,1439.22009971008,17.4290474065126,0.568965117033657,573.8158111411648,86,80.9238181120745,80.9238181120745,86.94742088202423,4884.361633685432,0.04334158396002946,211.69596983752382,17.34848346191245,58.73507616194162,7.253162455088207,,,0.201,12.338379494813271,11.616751099494786,10,1.423210715169682,1.2470018639471792,1.2470018639471792,1.8705027959207687,1.8705027959207687,1.346741898309725,1.0128036613503886,1.1292071663577565,-12.623038289019412,11.546856401093901,,13.358344873906026,0.22796000884589337,False,False,85,0.00034000000000844466,86,108.20492409030979,78.20492409030979,91.33078758083538,5168.747731671899,,,17.370383310276967,58.37766795976863,7.255813249295922,,,0.201,,,,,1.1756559985474013,1.1756559985474013,1.763483997821102,1.763483997821102,1.5179595813277627,1.010866554196366,1.0926263279507538,-14.853160917121695,11.058085007431483,,,,False,False,85,0.00034000000000844466
103,1.5999942,95.999652,85.99965600000002,81.7802389817261,81.7802389817261,80.1022461536451,7311.68039852796,0.0775719290613262,22.3132878980967,47.2998773496981,7.35450797845876,0.439757045853553,0.149917174722802,0.20010470871455,10.9364772417662,10.9248757694639,10.0,0.796321431382239,1.27078474754491,1.27078474754491,1.90617712131737,1.90617712131737,1.29266854572156,1.00802008936339,1.13876702608038,-11.9007953842583,11.6810343659844,1437.05781492707,17.4290474065126,0.552180569321876,567.1811531937003,87,80.9714284498757,80.9714284498757,86.88050771415749,4887.801280736764,0.04279979062074674,209.19687141135128,17.254809888348454,58.93330263887131,7.251699211565802,,,0.201,12.357258786563905,11.62597116883614,10,1.4322095891082185,1.2482415421388555,1.2482415421388555,1.8723623132082832,1.8723623132082832,1.3438867677376207,1.0129481373887146,1.1298984809735526,-12.585042002024988,11.556470451900699,,13.28243265052672,0.21604920779220851,False,False,86,0.0003439999999841348,87,108.24961554861002,78.24961554861002,91.25710214967556,5171.817675414039,,,17.272995925239783,58.56511841053708,7.254420965622019,,,0.201,,,,,1.176816080607874,1.176816080607874,1.7652241209118111,1.7652241209118111,1.5150656564877583,1.010961293979637,1.0932529093618162,-14.816509426668212,11.066124975278225,,,,False,False,86,0.0003439999999841348
104,1.6166608,96.99964800000001,86.999652,82.0428999968866,82.0428999968866,79.7255224027926,7357.3306346502,0.0765844144516326,22.1089395496605,47.2621344779491,7.35485331215528,0.439749952813763,0.149914756641055,0.200101462727486,10.9353598609583,10.92360818074,10.0,0.794296803851466,1.27783312901993,1.27783312901993,1.91674969352989,1.91674969352989,1.27692591284963,1.00822836914367,1.14239183251729,-11.6897021384744,11.732602135361,1429.23081472768,17.0744665573259,0.536430141263796,563.456858581744,88,81.02088650688047,81.02088650688047,86.81119345063266,4891.210125063382,0.04228484250214839,206.82404978321864,17.16635476726387,59.13135033926085,7.250242194551189,,,0.201,12.37607974125883,11.635129968753121,10,1.4411389004507145,1.249530937791201,1.249530937791201,1.8742964066868013,1.8742964066868013,1.3409214160620406,1.013092938245778,1.1306147721210622,-12.545559991085074,11.566446497965543,,13.210713820766784,0.20481072685841165,False,False,87,0.00034800000000245745,88,108.29608396555369,78.29608396555369,91.18075881039401,5174.878527019894,,,17.18099952429299,58.75238945547632,7.253034457299496,,,0.201,,,,,1.1780225840070782,1.1780225840070782,1.7670338760106172,1.7670338760106172,1.5120598338717481,1.0110565686689192,1.093902927701354,-14.778394020950262,11.074477986503947,,,,False,False,87,0.00034800000000245745
105,1.6333274,97.999644,87.99964800000001,81.9690316848953,81.9690316848953,79.8672661812333,7329.40530290019,0.0756032015039459,21.9068203058218,47.2251831137995,7.3551916294998,0.439742691642621,0.149912281241803,0.200098140235434,10.9333374356493,10.921436569887,10.0,0.792315557053371,1.27579561524259,1.27579561524259,1.91369342286388,1.91369342286388,1.28146351061785,1.00844190711425,1.1414808633708,-11.7505749936593,11.7196066785546,1432.43490778189,17.0744665573259,0.519952136509781,554.1265060192526,89,81.07131734590273,81.07131734590273,86.7406556099709,4894.593222561602,0.04179535017973774,204.57123772433317,17.082867602084917,59.32922311382676,7.2487913298198885,,,0.201,12.39483794672694,11.644223499990504,10,1.4499984883013717,1.2508468334547738,1.2508468334547738,1.8762702501821606,1.8762702501821606,1.3378996204858011,1.013238083754986,1.1313444624335487,-12.505307136530988,11.57662448243372,,13.1429903686864,0.19421503730733844,False,False,88,0.0003519999999923584,89,108.34346853647844,78.34346853647844,91.1031958979756,5177.928509349506,,,17.094139755263022,58.93948970441811,7.251653619900835,,,0.201,,,,,1.1792528529579742,1.1792528529579742,1.7688792794369612,1.7688792794369612,1.5089988994829533,1.0111523949813728,1.0945650843869679,-14.739531331730074,11.082999868208516,,,,False,False,88,0.0003519999999923584
106,1.649994,98.99964,88.99964399999999,82.1440575758844,82.1440575758844,79.6216293285648,7356.92683858873,0.0746304049108115,21.7073434490011,47.1892244639724,7.35552094866924,0.439735474425349,0.149909820826824,0.20009483774452,10.9320728451496,10.9200220207465,10.0,0.790389151767158,1.28048878776754,1.28048878776754,1.9207331816513,1.9207331816513,1.27102778587059,1.0086525074611,1.14393040322044,-11.6105474372633,11.7546050131477,1427.34092252186,16.7545186480617,0.504519039038716,549.0504288630932,90,81.12220897714641,81.12220897714641,86.66958107112012,4897.951490751509,0.041329978278880644,202.43222872377092,17.004106202758752,59.52692439917884,7.2473465470589415,,,0.201,12.413530665636507,11.653249347024369,10,1.4587881846011679,1.252175639732982,1.252175639732982,1.878263459599473,1.878263459599473,1.3348527875120846,1.0133835822632606,1.1320807739241174,-12.464701514229384,11.586910491375809,,13.079070507846264,0.1842326760258713,False,False,89,0.0003560000000106811,90,108.39129368872771,78.39129368872771,91.02520136567863,5180.96366293279,,,17.012170147171616,59.12642646975233,7.250278359772895,,,0.201,,,,,1.1804943834230885,1.1804943834230885,1.770741575134633,1.770741575134633,1.505914136858245,1.0112487790294364,1.0952331420105192,-14.700317181829128,11.09161087055683,,,,False,False,89,0.0003560000000106811
107,1.6666606,99.999636,89.99964,82.2691853944759,82.2691853944759,79.4552041989996,7372.55175402464,0.0736645887840949,21.5101236705893,47.1540916514131,7.35584283041836,0.439728146362216,0.149907322623483,0.200091484815517,10.9307141077187,10.9185134710671,10.0,0.78850831084128,1.28383986451817,1.28383986451817,1.92575979677725,1.92575979677725,1.26361111493459,1.00886620297183,1.14571111381274,-11.5109704764356,11.7801558709115,1424.01035526426,16.7545186480617,0.488530284161566,543.0959932496827,91,81.17326433612823,81.17326433612823,86.59836659710385,4901.285155072248,0.04088744566709765,200.40103047696883,16.929836762264646,59.72445727964701,7.2459077793526845,,,0.201,12.43215615178058,11.662206030881034,10,1.4675078153047811,1.253509470645685,1.253509470645685,1.8802642059685275,1.8802642059685275,1.3317990890589746,1.0135294354732576,1.13281977171915,-12.423985511048565,11.5972498471768,,13.01876881148717,0.1748344465387878,False,False,90,0.0003600000000005821,91,108.4392985215877,78.4392985215877,90.94720218731518,5183.981477372948,,,16.93485227449242,59.31320599915959,7.248908592162041,,,0.201,,,,,1.1817403268212858,1.1817403268212858,1.7726104902319286,1.7726104902319286,1.5028226389867438,1.0113457211349728,1.0959036827619504,-14.660968661387503,11.100267182975205,,,,False,False,90,0.0003600000000005821
108,1.6833272,100.99963199999999,90.99963599999998,82.3469891934476,82.3469891934476,79.3613803139749,7378.15308840819,0.0727064053842765,21.3152794880648,47.1199570324368,7.35615558020171,0.439720737734442,0.149904796954923,0.200088095227439,10.9292771454155,10.9169268288226,10.0,0.786682789759652,1.28591086830463,1.28591086830463,1.92886630245694,1.92886630245694,1.25904198426638,1.00908169700519,1.14685332722076,-11.4496040064601,11.7965931999077,1422.19066389431,16.43677982699,0.473581845726571,536.4389894330576,92,81.22431148601125,81.22431148601125,86.52724028495479,4904.594383425863,0.04046652530375908,198.47189272157735,16.85983389686355,59.92182453943822,7.24447496274893,,,0.201,12.450713236948861,11.671092618446801,10,1.4761572032130426,1.2548437619209323,1.2548437619209323,1.8822656428813984,1.8822656428813984,1.3287489998405175,1.0136756412623373,1.1335591768161346,-12.383299270794614,11.607610756805853,,12.697377571698485,0.1650114686962661,False,False,91,0.00036400000001890476,92,108.48734050720837,78.48734050720837,90.86942713323519,5186.980604237521,,,16.861955867491165,59.49983366404385,7.247544239698385,,,0.201,,,,,1.182986952051159,1.182986952051159,1.7744804280767383,1.7744804280767383,1.499733686726686,1.0114432184821442,1.0965748431170403,-14.621604328515005,11.108944835723383,,,,False,False,91,0.00036400000001890476
109,1.6999938,101.999628,91.999632,82.351866478833,82.351866478833,79.3793336358376,7368.36793237388,0.0717564956361141,21.1228645197683,47.0867629436987,7.35645983049473,0.439713279039097,0.149902254217874,0.200084682888952,10.9276845709057,10.9151847984446,10.0,0.784908743084088,1.28600106907771,1.28600106907771,1.92900160361657,1.92900160361657,1.2588432304523,1.00929799218363,1.14700653009613,-11.4469342838274,11.7988007626604,1422.72967508314,16.43677982699,0.458084025119938,528.7282613846694,93,81.27567526583191,81.27567526583191,86.45661605740197,4907.552503285207,0.04006605560739676,196.6262714928443,16.793883224228416,60.1190279848244,7.243048041107032,,,0.201,12.46920309322226,11.679910371213596,10,1.4847361702971462,1.2561872013317874,1.2561872013317874,1.884280801997681,1.884280801997681,1.3256827071439454,1.0138222047747902,1.1343033276963965,-12.342378906592732,11.618054172424632,,12.644875422647662,0.15582032510749083,False,False,92,0.0003679999999945949,93,108.53559742145718,78.53559742145718,90.79171412382266,5189.392435061004,,,16.793262864113693,59.68631299093009,7.2461852393277235,,,0.201,,,,,1.184238950330006,1.184238950330006,1.7763584254950089,1.7763584254950089,1.4966356839284236,1.0115412722070498,1.09724896493091,-14.5820767877691,11.117674209226275,,,,False,False,92,0.0003679999999945949
110,1.7166604,102.99962400000001,92.99962800000002,82.4823486235371,82.4823486235371,79.2002258514794,7386.30192437287,0.0708148456604301,20.9328431462063,47.054567155054,7.35675494142742,0.439705814972457,0.149899709649701,0.200081268106965,10.926504614686,10.9138549590457,10.0,0.783189751145983,1.28950905504615,1.28950905504615,1.93426358256922,1.93426358256922,1.25112973825132,1.00951324459511,1.14886639529311,-11.3433055343493,11.8256541578863,1419.03405536244,16.1345448116009,0.443618021173825,523.0598307758027,94,81.33374038821013,81.33374038821013,86.3828217120398,4907.495735582211,0.039685023254529585,194.7540823880848,16.731799892551013,60.31606547886106,7.241626987321523,,,0.201,12.487655537474106,11.68868735881536,10,1.493244508571603,1.2577103838009331,1.2577103838009331,1.8865655757013997,1.8865655757013997,1.3222118757607118,1.0139692735364636,1.1351374390959612,-12.296038783390731,11.629779171600854,,12.595412418171312,0.14722439213239713,False,False,93,0.00037199999998449584,94,108.59033699420993,78.59033699420993,90.70467055637437,5186.9947864258875,,,16.72859334577012,59.872641984797724,7.24483156875764,,,0.201,,,,,1.185661077860384,1.185661077860384,1.778491616790576,1.778491616790576,1.4931218841656406,1.0116400217173773,1.0980083444947868,-14.5371867280979,11.12752372230785,,,,False,False,93,0.00037199999998449584
111,1.733327,103.99962000000001,93.999624,82.6956618435266,82.6956618435266,78.8928252423497,7421.36835151179,0.0698811827671079,20.7450897234048,47.0232845356072,7.3570416713006,0.439698268745758,0.149897137072417,0.200077815939953,10.925613426816,10.9128135886458,10.0,0.781521250275546,1.29528814518115,1.29528814518115,1.94293221777172,1.94293221777172,1.2384912784817,1.00973047546855,1.15186166625226,-11.1734480149438,11.8691098584704,1412.70239222944,16.1345448116009,0.428674276479663,518.6139981540257,95,81.4193537444601,81.4193537444601,86.26557772676829,4904.752292882492,0.03932244628887387,192.86685859710278,16.67340552123555,60.51295516649155,7.240211628989453,,,0.201,12.506168982939053,11.697515729986064,10,1.501681854732195,1.2599711569331165,1.2599711569331165,1.8899567353996747,1.8899567353996747,1.3170714950376372,1.0141174596800535,1.1363402296563234,-12.227368387652236,11.646722132112338,,12.54884991941326,0.13918849728418475,False,False,94,0.0003760000000028185,95,108.679597902974,78.679597902974,90.56153832725172,5182.919613586484,,,16.667754581584152,60.05885256433736,7.243482960663417,,,0.201,,,,,1.187990152083194,1.187990152083194,1.7819852281247908,1.7819852281247908,1.4873790827057167,1.0117402238711157,1.099221091824244,-14.463691116679627,11.14328901965363,,,,False,False,94,0.0003760000000028185
112,1.7499936,104.999616,94.99962000000001,82.6458532682297,82.6458532682297,78.9990065655186,7399.21261855059,0.0689553050265822,20.5595554464357,46.9930930404926,7.35731830186463,0.439690585775255,0.149894517877928,0.20007430155045,10.9240306861964,10.9110815162107,10.0,0.779913087444584,1.29388272651806,1.29388272651806,1.94082408977709,1.94082408977709,1.24155695932022,1.00995162449054,1.15127023414104,-11.2146556252164,11.8605088934461,1415.15969174501,15.8395471252827,0.414746248765063,510.214963068692,96,81.49750641381307,81.49750641381307,86.15746249303422,4906.838494524412,0.03897711348233568,191.25440084057118,16.618470166249303,60.70974623243447,7.238801573808065,,,0.201,12.52457833555074,11.706241075925654,10,1.5100487216620664,1.262034415276773,1.262034415276773,1.8930516229151597,1.8930516229151597,1.3123918523194003,1.014266591342453,1.137444920270775,-12.164813703349719,11.662320117162789,,12.505054140926664,0.1316789699539096,False,False,95,0.0003799999999927195,96,108.75602695966175,78.75602695966175,90.43967147839581,5185.308142932326,,,16.610503699402233,60.24499731697155,7.242139001953891,,,0.201,,,,,1.189981476656181,1.189981476656181,1.7849722149842715,1.7849722149842715,1.4824807637107935,1.0118415868540804,1.1002658595253203,-14.400878559415553,11.156905519077307,,,,False,False,95,0.0003799999999927195
113,1.7666602,105.999612,95.99961599999999,82.7753193332179,82.7753193332179,78.8196622418571,7417.0367518914,0.068039051196462,20.3765189918936,46.9638407560146,7.35758631453008,0.439682933112438,0.149891909015604,0.200070800952625,10.9230129321505,10.9099138029022,10.0,0.778356500690279,1.29738043465048,1.29738043465048,1.94607065197571,1.94607065197571,1.23393666159538,1.01017044463659,1.15312674942621,-11.1122218169878,11.8875411502058,1411.49700534969,15.8395471252827,0.400369181015418,504.6481432879792,97,81.55775913873359,81.55775913873359,86.06806855360843,4913.125511484978,0.038647900428193376,189.8819855590881,16.56677504070468,60.906447812264204,7.2373967200241776,,,0.201,12.542835474538506,11.714818686410153,10,1.5183469166399186,1.2636199077597192,1.2636199077597192,1.8954298616395788,1.8954298616395788,1.3088033639619365,1.0144162640210908,1.1383114395972063,-12.116820747236957,11.674579885970545,,12.463852624686977,0.12466352539217235,False,False,96,0.0003840000000110422,97,108.8135895802531,78.8135895802531,90.34762355448808,5193.518021978329,,,16.556608255703868,60.43108223609663,7.240799619403579,,,0.201,,,,,1.19147668518134,1.19147668518134,1.7872150277720102,1.7872150277720102,1.4788098831163559,1.0119436877354828,1.1010633976751196,-14.353732001525504,11.167321581778594,,,,False,False,96,0.0003840000000110422
114,1.7833268,106.999608,96.99961200000001,82.7753732496449,82.7753732496449,78.8449614051694,7406.4762203491,0.0671307021014693,20.1956210432476,46.9356213514919,7.35784476882805,0.439675197839031,0.149889271990579,0.200067262764795,10.9216814195978,10.9084327461529,10.0,0.776856810505706,1.29733781103885,1.29733781103885,1.94600671655828,1.94600671655828,1.23402933553402,1.01039121222099,1.1532158427244,-11.1134676512424,11.8888409008873,1412.17241079083,15.8395471252827,0.386987902649887,497.20194876987176,98,81.58276027734618,81.58276027734618,86.03220365693284,4922.199345060417,0.038333795271520955,188.68658197916054,16.51811993046451,61.10303766671056,7.235997190101817,,,0.201,12.560857210916328,11.723171250584272,10,1.5265765269148002,1.2642614746481329,1.2642614746481329,1.8963922119721994,1.8963922119721994,1.3073531491860733,1.0145656871505497,1.1387067385972878,-12.097419626711535,11.68017990405773,,12.42508128052851,0.1181113110863897,False,False,97,0.0003879999999867323,98,108.82872516113844,78.82872516113844,90.32409367155512,5203.4392206643315,,,16.50587236189828,60.61707098583166,7.239465043879385,,,0.201,,,,,1.1918568583225042,1.1918568583225042,1.7877852874837563,1.7877852874837563,1.4778774887918984,1.0120455870985507,1.1013043445998323,-14.341746948977438,11.170472110115872,,,,False,False,97,0.0003879999999867323
115,1.7999934,107.999604,97.999608,83.0755015919955,83.0755015919955,78.3941302320516,7461.03588106933,0.0662303658887556,20.016837176917,46.9084825046427,7.35809377065143,0.43966746116427,0.149886634487819,0.200063723939947,10.9212700768681,10.9078707734095,10.0,0.775413258066692,1.30553697322871,1.30553697322871,1.95830545984307,1.95830545984307,1.21628765713102,1.01061066434506,1.15742105030027,-10.8749462066469,11.9504477986425,1402.77957256559,15.3870259680394,0.37453784981135,494.1471363123557,99,81.61018828243597,81.61018828243597,85.99320508764028,4926.783740670819,0.03803410312821568,187.38580088309013,16.47237085584347,61.29946323557779,7.234603319661868,,,0.201,12.578821069509626,11.731464831373815,10,1.5347363436106334,1.2649683323780143,1.2649683323780143,1.8974524985670214,1.8974524985670214,1.3057565900554953,1.0147149162497935,1.139134525598093,-12.076056971721409,11.686245254157388,,12.388589947848384,0.1119929506213831,False,False,98,0.00039200000000505497,99,108.8523504814853,78.8523504814853,90.28706513769505,5207.4658387023865,,,16.458162931406747,60.802908365085514,7.23813563809636,,,0.201,,,,,1.1924601237123273,1.1924601237123273,1.7886901855684911,1.7886901855684911,1.4763987536805208,1.012147472868202,1.1016566253435829,-14.322731001372745,11.175081482858044,,,,False,False,98,0.00039200000000505497
116,1.81666,108.9996,98.999604,82.941606528546,82.941606528546,78.63594621063,7420.64520507452,0.0653375274347026,19.8400070603671,46.8822871809367,7.35833412436411,0.439659534200109,0.149883932113674,0.200060098527574,10.9196599948353,10.9061115663541,10.0,0.774021046956477,1.30180790882412,1.30180790882412,1.95271186323619,1.95271186323619,1.22433552352766,1.01083635793172,1.15567122942351,-10.9831446439691,11.9247511725151,1408.12675863406,15.3870259680394,0.360844310832798,484.84660966975076,100,81.64550813299554,81.64550813299554,85.94362596760645,4930.1629108575835,0.03774804231701579,186.1039981888338,16.42937694433252,61.49571632821515,7.2332151266063995,,,0.201,12.596750428737893,11.739721353317197,10,1.5428239568344724,1.2658871265654505,1.2658871265654505,1.8988306898481757,1.8988306898481757,1.3036832797266948,1.0148641286580848,1.1396680778443393,-12.048309469047574,11.69381760204313,,12.354278141882602,0.10628067867954522,False,False,99,0.00039599999999495594,100,108.88527128018849,78.88527128018849,90.23540214884677,5210.439215254594,,,16.41332200626937,60.98859121619982,7.236811389681966,,,0.201,,,,,1.1933076086731336,1.1933076086731336,1.7899614130097004,1.7899614130097004,1.4743230497964184,1.0122495495676223,1.1021308869663313,-14.296021407359351,11.181292687547842,,,,False,False,99,0.00039599999999495594
117,1.8333266,109.999596,99.99959999999999,83.138666997188,83.138666997188,78.3452346725497,7453.66320897868,0.0644548225629971,19.6656185840959,46.8571006778702,7.35856497229878,0.43965169336443,0.14988125910151,0.200056512307259,10.9190610535664,10.905362282355,10.0,0.772685015439492,1.30718747540473,1.30718747540473,1.96078121310709,1.96078121310709,1.2127369204828,1.01105747995418,1.15846888394175,-10.8272104582185,11.9658774554064,1402.08815252922,15.3870259680394,0.348124383418055,480.4245395790604,101,81.68640695741932,81.68640695741932,85.88662794978224,4933.3048516938925,0.037474835962676215,184.87479007110332,16.388987302712426,61.69179991186016,7.231832549980313,,,0.201,12.614633652837524,11.747930069145108,10,1.5508388443305985,1.2669560489374427,1.2669560489374427,1.900434073406164,1.900434073406164,1.3012739600677805,1.0150134491164324,1.1402766107732951,-12.01605718302279,11.702464140442112,,12.322032708249392,0.10094824717198043,False,False,100,0.0004000000000132786,101,108.92446424671722,78.92446424671722,90.17396123840281,5213.214940655413,,,16.371193210453573,61.174124586608144,7.235492228096546,,,0.201,,,,,1.1943198340917849,1.1943198340917849,1.7914797511376772,1.7914797511376772,1.471846405757991,1.0123519539133634,1.1026875319126577,-14.26412705695935,11.188591303676578,,,,False,False,100,0.0004000000000132786
118,1.8499932,110.99959199999999,100.999596,83.1054296849962,83.1054296849962,78.424719504723,7435.80870160287,0.0635788611616443,19.4929910380106,46.8330089850289,7.35878559049846,0.439643727305729,0.14987854339968,0.200052869106861,10.917857527374,10.9040092031532,10.0,0.771409216828033,1.30622544677549,1.30622544677549,1.95933817016323,1.95933817016323,1.21480569793462,1.01128219326864,1.15810070729868,-10.8550226853666,11.9604523703628,1403.9152244545,14.9964689644371,0.336311450506882,472.76024906375545,102,72.07083337481548,72.07083337481548,85.82526841987153,4936.387451156089,0.03721374164001195,183.7014472423198,16.35105677744806,61.88771840923876,7.230455519307997,,,0.201,12.58535032507456,11.712239660465311,10,1.5587809576628102,1.2681141111201286,1,1.5,1.5,2,1.0149396812487466,1.0070067245582162,-20,10.070833374815473,,12.29174047703432,0.09597087239358745,False,False,101,0.0004040000000031796,102,108.96713238583656,78.96713238583656,90.10721357547108,5215.9784301617865,,,16.33162606298446,61.35951422453486,7.23417807862757,,,0.201,,,,,1.1954232902143629,1.1954232902143629,1.7931349353215444,1.7931349353215444,1.4691497062131742,1.0124547602312328,1.1032899104187561,-14.229367487084968,11.196499872921537,,,,False,False,101,0.0004040000000031796
119,1.8666598,111.999588,101.999592,83.3744505878203,83.3744505878203,78.017097964078,7484.03870675727,0.0627123625529803,19.3225703001407,46.8097868647729,7.3589980659727,0.439635784033141,0.149875835465843,0.200049236275584,10.9175785767078,10.9035795535319,10.0,0.770181459705782,1.31361526648936,1.31361526648936,1.97042289973404,1.97042289973404,1.19897463263917,1.0115049197008,1.16190328546184,-10.6422192761803,12.0166698640006,1395.43951058057,14.9964689644371,0.323560748659804,469.3417487386997,103,72.0704564958205,72.0704564958205,79.9575660335508,4342.121334301816,0.03698832467268017,160.60779368132683,16.320920200781227,62.08194296936995,7.229094690815084,,,0.201,12.602836498432541,11.72010111663071,10,1.56665031507535,1.3759147171079633,1,1.5,1.5,2,1.0148662787757337,1.0069698406243734,-20,10.0704564958205,,12.263292583086045,0.09132519125185246,False,False,102,0.00040799999999308056,103,109.01163529828527,79.01163529828527,90.03777102353267,5218.743281462467,,,16.2944769781149,61.544765077524815,7.232868873047336,,,0.201,,,,,1.1965748742620794,1.1965748742620794,1.794862311393119,1.794862311393119,1.466338903095134,1.0125580063057822,1.103916529809525,-14.193102761932005,11.20473806021728,,,,False,False,102,0.00040799999999308056
120,1.8833264,112.999584,102.999588,83.2724660228471,83.2724660228471,78.2097247021772,7450.93629043965,0.0618536374952432,19.1540137601764,46.7875364384467,7.35920132616624,0.439627667885479,0.149873068597322,0.200045524780941,10.9162771777813,10.9021287948281,10.0,0.769007830211194,1.31074494417296,1.31074494417296,1.96611741625943,1.96611741625943,1.20510722699612,1.01173288821311,1.16058354372095,-10.7246459479343,11.9971119707813,1399.72948362676,14.9964689644371,0.311737255175788,460.8675123090062,104,72.07008152566084,72.07008152566084,78.15127782128074,4369.826798631212,0.03677054756162076,160.68092413511397,16.292805358574405,62.2806027636677,7.227707184225906,,,0.201,12.620183601048733,11.72782907157569,10,1.5743861320710753,1.410567596044933,1,1.5,1.5,2,1.0147932398923083,1.0069331393878669,-20,10.070081525660845,,12.24069015058592,0.08700102075828088,False,False,103,0.0004119999999971924,104,109.05705420414047,79.05705420414047,89.96708998848685,5221.504877770293,,,16.25960920777066,61.72988130696871,7.231564549413147,,,0.201,,,,,1.1977504527904708,1.1977504527904708,1.796625679185706,1.796625679185706,1.4634732341896683,1.0126617094882413,1.1045553543217312,-14.156094426906023,11.213148631046497,,,,False,False,103,0.0004119999999971924
121,1.899993,113.99958000000001,103.99958400000001,83.455612307092,83.455612307092,77.9374005151378,7481.05569841865,0.0610037871561185,18.9875102484654,46.7663051971226,7.35939491105121,0.439619618858969,0.149870324611012,0.200041843829378,10.9158616615133,10.9015628006422,10.0,0.76789086748613,1.31577360171794,1.31577360171794,1.97366040257691,1.97366040257691,1.19437696543439,1.01195705496879,1.16320744154251,-10.5804332725178,12.0360455796098,1394.07729543795,14.5892611324724,0.300774529255253,456.3727295293987,105,72.06970845449152,72.06970845449152,77.2938118961519,4367.11166812077,0.03656128116822463,159.66719759119798,16.26680704839626,62.48267298374627,7.226300391117165,,,0.201,12.63765235816491,11.73566593640303,10,1.5822308199469792,1.4268231205264046,1,1.5,1.5,2,1.0147205628022635,1.0068966199461542,-20,10.069708454491515,,11.96502893520308,0.08225941368935599,False,False,104,0.00041599999998709336,105,109.10289452393489,79.10289452393489,89.89594956528735,5224.2574549419905,,,16.22689265831517,61.914866435786934,7.230265050937273,,,0.201,,,,,1.1989370422785124,1.1989370422785124,1.7984055634177687,1.7984055634177687,1.460584512900277,1.012765876156026,1.1051999073622376,-14.118752293331315,11.221646817266201,,,,False,False,104,0.00041599999998709336
122,1.9166596,114.999576,104.99958,83.3963734963082,83.3963734963082,78.0591650207845,7457.93991512282,0.0601617082595777,18.8227780383554,46.7459237644615,7.35958060396147,0.43961145267869,0.149867540685917,0.200038109569554,10.9147870660786,10.9003386175236,10.0,0.766820177446789,1.31408312731442,1.31408312731442,1.97112469097163,1.97112469097163,1.19797699970914,1.01218464692806,1.16247684555758,-10.6288117194345,12.0251852157426,1396.8016607705,14.5892611324724,0.28880423752609,448.68240539107876,106,72.06933727252003,72.06933727252003,76.80000203329544,4360.991709125876,0.03636010373065339,158.56611091233626,16.24277645361575,62.68761697741067,7.224878230553155,,,0.201,12.655194692232376,11.743566871613085,10,1.5901395393966664,1.436079287269438,1,1.5,1.5,2,1.0146482457182275,1.0068602814011318,-20,10.069337272520025,,11.945936426166003,0.07787289697987154,False,False,105,0.00042000000000541604,106,109.1488918411743,79.1488918411743,89.82476245402142,5226.99752060861,,,16.196203675012594,62.09972348746581,7.2289703249377775,,,0.201,,,,,1.2001277084320945,1.2001277084320945,1.8001915626481417,1.8001915626481417,1.4576896905272385,1.012870506843041,1.1058467284398443,-14.081295375464286,11.23018721663859,,,,False,False,105,0.00042000000000541604
123,1.9333262,115.999572,105.999576,83.6747722709191,83.6747722709191,77.6299118089256,7508.57868604552,0.0593289888421386,18.6601031649392,46.7264245620088,7.35975779812354,0.439603327170908,0.149864770626446,0.200034393817775,10.9147483292628,10.9001489434881,10.0,0.765799165230419,1.32177908172389,1.32177908172389,1.98266862258583,1.98266862258583,1.18164602646516,1.01240940775045,1.1664333551963,-10.4094085179787,12.0841807888978,1387.85465615492,14.5892611324724,0.27772393796321,445.4763810847144,107,72.06896797000613,72.06896797000613,76.47407185910417,4355.77660476874,0.0361664344553806,157.53290907864888,16.220541616565928,62.89502385507808,7.22344370514772,,,0.201,12.672784163624938,11.751507230828723,10,1.5980876442353074,1.4421219925646465,1,1.5,1.5,2,1.0145762868616204,1.006824122859114,-20,10.06896797000612,,11.674495576036321,0.07313492780677866,False,False,106,0.000423999999995317,107,109.19490554606345,79.19490554606345,89.75374489018965,5229.7231685805045,,,16.167424812551655,62.284455090428196,7.227680322049885,,,0.201,,,,,1.201318770581354,1.201318770581354,1.801978155872031,1.801978155872031,1.4547977347743155,1.0129755989980938,1.1064939793269069,-14.0438400842963,11.238745630359755,,,,False,False,106,0.000423999999995317
124,1.9499928,116.999568,106.99957199999999,83.576635228513,83.576635228513,77.8183982963633,7476.55384761791,0.0585028593007838,18.4989373456587,46.7079103634431,7.35992558073141,0.439595021537054,0.149861939160359,0.200030596103224,10.9136636769253,10.8989147747496,10.0,0.764832992510492,1.31899644620309,1.31899644620309,1.97849466930464,1.97849466930464,1.18753359190145,1.0126396655424,1.16515855764965,-10.4884883696848,12.0651235981978,1392.04223336266,14.2203763482489,0.267467298556075,437.39977780192436,108,72.06860053726146,72.06860053726146,76.23761642859695,4351.685447944566,0.0359797297613977,156.57246642365234,16.19994541618892,63.10454188589111,7.221999373050654,,,0.201,12.690400208117183,11.759467882447892,10,1.606056003052191,1.4464984630024147,1,1.5,1.5,2,1.0145046844626116,1.0067881434308101,-20,10.068600537261464,,11.658514286906762,0.06877646227317537,False,False,107,0.0004280000000136397,108,109.24123664365455,79.24123664365455,89.68257629692238,5231.64878539417,,,16.140450324779504,62.469061963344146,7.22639500670741,,,0.201,,,,,1.2025181545940002,1.2025181545940002,1.8037772318910004,1.8037772318910004,1.4518894408330651,1.013081156713143,1.10714561771875,-14.006137879702608,11.247374523357157,,,,False,False,107,0.0004280000000136397
125,1.9666594,117.99956399999999,107.99956800000001,83.7187911069394,83.7187911069394,77.6087370632753,7498.14512562633,0.0576863301355616,18.3397926102099,46.690166971902,7.36008608849001,0.439586781858111,0.149859130178901,0.200026828401078,10.913325411663,10.8984260103685,10.0,0.763909267821873,1.32291215956557,1.32291215956557,1.98436823934835,1.98436823934835,1.17925422010575,1.01286638114247,1.16722781427423,-10.3772895818637,12.0960806888031,1387.71906790908,14.2203763482489,0.256390034419725,432.5404751212325,109,72.06823496464936,72.06823496464936,76.05016924790063,4346.506896558201,0.03579959121471136,155.6031701087073,16.1808689961107,63.31586000457668,7.220547481157034,,,0.201,12.708025218860985,11.767432487860093,10,1.6140282774272228,1.450133762229114,1,1.5,1.5,2,1.0144334367600767,1.0067523422313058,-20,10.068234964649363,,11.643710767885786,0.06476628536693292,False,False,108,0.0004319999999893298,109,109.29601444571249,79.29601444571249,89.59917936260632,5228.830348078047,,,16.115209095147772,62.65354121768708,7.225114368705895,,,0.201,,,,,1.2039395606518621,1.2039395606518621,1.8059093409777933,1.8059093409777933,1.4484478045168183,1.0131873627758912,1.1079083889021768,-13.961476455248999,11.25749090096149,,,,False,False,108,0.0004319999999893298
126,1.983326,118.99956,108.99956399999999,83.6980217058561,83.6980217058561,77.6677465997228,7483.80254565213,0.0568776412031741,18.1823137825119,46.673255794181,7.36023861635378,0.439578451448015,0.149856290266369,0.200023019413888,10.9125561151357,10.897506824785,10.0,0.763031972608587,1.32228449872442,1.32228449872442,1.98342674808663,1.98342674808663,1.18057874597686,1.01309530835349,1.16702876128959,-10.395075759174,12.0930974650301,1389.09707128807,14.2203763482489,0.246152893900898,425.6610360270028,110,72.06787124258446,72.06787124258446,75.85366954619148,4339.2636229518475,0.03562569710932439,154.58929150879212,16.16321751600782,63.52872275428953,7.219089867400542,,,0.201,12.72564371287091,11.775386720151387,10,1.6219901406359205,1.4537515450997451,1,1.5,1.5,2,1.0143625420015552,1.0067167183800385,-20,10.067871242584465,,11.629999590954565,0.06107565616805171,False,False,109,0.0004360000000076525,110,109.3842522337635,79.3842522337635,89.4637507871355,5224.711470068497,,,16.09161096925736,62.83792397976478,7.2238381628121235,,,0.201,,,,,1.206240682284062,1.206240682284062,1.8093610234260928,1.8093610234260928,1.4428876585428967,1.0132949487908853,1.1091109021888346,-13.889221968010323,11.27347420177382,,,,False,False,109,0.0004360000000076525
127,1.9999926,119.999556,109.99956,83.9412614845861,83.9412614845861,77.2903494403799,7527.00368227119,0.0560769708863206,18.026519900934,46.6572244128123,7.36038260028626,0.439570137527765,0.149853455975374,0.200019217930829,10.9126135096978,10.8974132063418,10.0,0.762204272232339,1.32904412118528,1.32904412118528,1.99356618177793,1.99356618177793,1.16636628245276,1.01332233502319,1.17051870604365,-10.2043032236601,12.1455647082462,1381.24104316234,13.8393114374337,0.236691065291277,422.09156635194944,111,72.06750936153247,72.06750936153247,75.66768946015878,4335.156586468865,0.035457509525234604,153.7138559581033,16.146852455472384,63.74294798339777,7.217627846477722,,,0.201,12.743242874231564,11.783318759171165,10,1.629929772716192,1.457065437010663,1,1.5,1.5,2,1.0142919984432086,1.0066812710007778,-20,10.067509361532466,,11.61731258963062,0.05767817031150357,False,False,110,0.00043999999999755346,111,109.45852735522378,79.45852735522378,89.35024111190702,5227.130013895855,,,16.06951303782935,63.02225972574111,7.222566020150637,,,0.201,,,,,1.2081748963962193,1.2081748963962193,1.812262344594329,1.812262344594329,1.4382250842342599,1.013403599928907,1.1101308351453543,-13.82853669866368,11.287064053887464,,,,False,False,110,0.00043999999999755346
128,2.0166592,120.999552,110.99955599999998,83.8348951946462,83.8348951946462,77.4933622001319,7493.71647324116,0.0552836401702662,17.8722257776674,46.6419433613864,7.36051946361721,0.439561665229936,0.149850567692024,0.20001534438134,10.9116826413901,10.8963327199491,10.0,0.761417913556215,1.32601375749468,1.32601375749468,1.98902063624202,1.98902063624202,1.17272359201475,1.01355420948279,1.16912097660999,-10.2896147583065,12.1245099529527,1385.72503935417,13.8393114374337,0.22637071141831,414.27992504466056,112,72.06714931200983,72.06714931200983,75.5062466132576,4335.085305037477,0.03529448823655873,153.00461730312384,16.131634457594934,63.95836006607223,7.216162671703832,,,0.201,12.760813166939913,11.791219848859901,10,1.6378384177961003,1.4597092056230816,1,1.5,1.5,2,1.0142218043497782,1.0066459992216044,-20,10.067149312009837,,11.605550202370775,0.05454950776294806,False,False,111,0.00044400000001587614,112,109.51155862508686,79.51155862508686,89.26902484096789,5235.266794980096,,,16.0487821431414,63.20655165967172,7.22129789402389,,,0.201,,,,,1.2095505556478097,1.2095505556478097,1.8143258334717145,1.8143258334717145,1.4349150696946398,1.013512843068621,1.1108723025105345,-13.785404126920923,11.296962752007788,,,,False,False,111,0.00044400000001587614
129,2.0333258,121.999548,111.999552,83.9893360129173,83.9893360129173,77.2596201379501,7518.33075862672,0.0544995992095829,17.7197910698298,46.6274285265271,7.36064886323199,0.439553265932376,0.149847704295128,0.200011504081946,10.9115643878667,10.8960637259875,10.0,0.760674805143935,1.33029665503579,1.33029665503579,1.99544498255369,1.99544498255369,1.16374535429675,1.01378211948964,1.1713742389352,-10.169143400862,12.1584794137793,1380.87848052776,13.8393114374337,0.216849569119125,409.7460130702356,113,72.06679108458353,72.06679108458353,75.4040390173974,4338.78606568962,0.035136146056085456,152.44822091017886,16.117435231190328,64.174777838443,7.2146956174313885,,,0.201,12.778345576306561,11.799081739165826,10,1.645707826010532,1.4614157813348672,1,1.5,1.5,2,1.014151957994542,1.0066109021748892,-20,10.06679108458353,,11.59461226639636,0.0516672766526208,False,False,112,0.0004480000000057771,113,109.52332553101475,79.52332553101475,89.25166606284847,5244.722889135518,,,16.029322211883542,63.39076142669725,7.220034022937798,,,0.201,,,,,1.2098408581307438,1.2098408581307438,1.8147612871961156,1.8147612871961156,1.4342172138488063,1.0136217677747448,1.1110719301706171,-13.776305039531293,11.299630570546038,,,,False,False,112,0.0004480000000057771
130,2.0499924,122.99954399999999,112.99954799999998,83.9685538407816,83.9685538407816,77.3188313888504,7504.24404397526,0.0537222270621815,17.568696810386,46.613748929668,7.36077018122269,0.439544767439534,0.149844807081659,0.200007618646072,10.9109757772444,10.8953250591542,10.0,0.759978432008211,1.32966407495897,1.32966407495897,1.99449611243846,1.99449611243846,1.16506853735882,1.01401253642729,1.17117347365565,-10.1868930543733,12.1554468951549,1382.24874588271,13.5041623710641,0.20806399479756,403.14470246046204,114,72.06643466987069,72.06643466987069,75.32371944491629,4340.767040378956,0.03498228732436933,151.84995981468893,16.1041935560075,64.39200171920741,7.213228065349153,,,0.201,12.795831134709625,11.806896246615898,10,1.6535298140721848,1.4627647620495552,1,1.5,1.5,2,1.0140824576592755,1.006575978997271,-20,10.066434669870683,,11.584406572418048,0.049010884685711804,False,False,113,0.0004520000000240998,114,109.54450733232362,79.54450733232362,89.21990455792991,5248.444882825493,,,16.01109441544556,63.57483519492857,7.218774748300521,,,0.201,,,,,1.2103788655234022,1.2103788655234022,1.8155682982851034,1.8155682982851034,1.432924500419976,1.0137305825282756,1.1113951272163118,-13.759444916441957,11.303952248765578,,,,False,False,113,0.0004520000000240998
131,2.066659,123.99954,113.999544,84.1618446536534,84.1618446536534,77.0190553362228,7537.05246274031,0.052953343658524,17.4192420536911,46.6007329810119,7.36088508168789,0.439536286141542,0.149841915730071,0.20000374103514,10.9110585753827,10.8952568512822,10.0,0.759319186061475,1.33505538418627,1.33505538418627,2.00258307627941,2.00258307627941,1.15382350701104,1.01424123578599,1.17398078229404,-10.0361097699743,12.1979544236277,1376.03252913116,13.5041623710641,0.198629425767648,399.1121292318123,115,72.06608005853836,72.06608005853836,75.24333553590101,4341.672301353116,0.034832700980634804,151.23217302893767,16.09184957075103,64.60988000203382,7.211761056888984,,,0.201,12.81326044367451,11.81465481335982,10,1.6612958243155738,1.4641272231400786,1,1.5,1.5,2,1.0140133016342079,1.0065412288296378,-20,10.066080058538363,,11.574889118380389,0.04656150353233888,False,False,114,0.0004559999999997899,115,109.57534694338241,79.57534694338241,89.1734851056521,5251.147871646171,,,15.994031002775845,63.75876948245889,7.217520064560591,,,0.201,,,,,1.2111709779054423,1.2111709779054423,1.8167564668581635,1.8167564668581635,1.4310226426900459,1.0138394999108655,1.1118451947279064,-13.734628561846147,11.309975505228559,,,,False,False,114,0.0004559999999997899
132,2.0833256,124.999536,114.99954000000001,84.1007828911546,84.1007828911546,77.1469852700023,7514.11472559589,0.0521917510152933,17.2711848017727,46.5884450825505,7.36099283111494,0.439527678996405,0.149838981476047,0.199999806160253,10.9104286984311,10.8944770142776,10.0,0.75870122644119,1.33328452994481,1.33328452994481,1.99992679491721,1.99992679491721,1.15750908411074,1.01447337522462,1.17321231031974,-10.085513335268,12.1862962264226,1378.9000965687,13.5041623710641,0.189938884987534,392.1748048586497,116,72.06572724130326,72.06572724130326,75.15759332839406,4342.053106132077,0.03468716527310784,150.61351371701463,16.080344317357437,64.82829565742995,7.210295387221636,,,0.201,12.830626247571413,11.822350879885471,10,1.668999297412482,1.4655874108867024,1,1.5,1.5,2,1.0139444882179822,1.006506650817104,-20,10.06572724130326,,11.566016878977305,0.04430192001157598,False,False,115,0.0004599999999896909,116,109.61259560357442,79.61259560357442,89.11740595388774,5253.665205166519,,,15.978062423297413,63.942568770804755,7.216269912088933,,,0.201,,,,,1.2121317621242795,1.2121317621242795,1.8181976431864193,1.8181976431864193,1.4287180641813921,1.0139486599104344,1.1123795651365103,-13.704539107383717,11.317134710958133,,,,False,False,115,0.0004599999999896909
133,2.0999922,125.999532,115.99953599999999,84.2304138330362,84.2304138330362,76.9514322753709,7533.5387357436,0.0514380234648451,17.1246223395839,46.5769124351973,7.36109316162524,0.439519116034467,0.149836062284477,0.199995891390917,10.9104080283509,10.8943055087183,10.0,0.758126039429044,1.33689231701122,1.33689231701122,2.00533847551684,2.00533847551684,1.15000867976465,1.01470262350216,1.17512902409818,-9.98499128719582,12.215405120232,1374.8525478021,13.1532780725118,0.181931437358759,387.5103422624988,117,72.06537620893143,72.06537620893143,75.066744378661,4342.16169754482,0.03454546197518383,150.00198181263423,16.069621886192095,65.04715538650366,7.20883168238973,,,0.201,12.847922845235757,11.829979336194075,10,1.6766351235471226,1.4671363086679987,1,1.5,1.5,2,1.0138760157176134,1.0064722441089913,-20,10.065376208931426,,11.557747478100659,0.04221639773963938,False,False,116,0.00046400000000801356,117,109.65331806679748,79.65331806679748,89.05616897801762,5256.180217408242,,,15.963121721121857,64.1262382492408,7.21502422709315,,,0.201,,,,,1.213184027594371,1.213184027594371,1.8197760413915565,1.8197760413915565,1.4261968951263002,1.0140581372512523,1.1129597517386056,-13.671599161154809,11.32491722795228,,,,False,False,116,0.00046400000000801356
134,2.1166588,126.99952800000001,116.999532,84.1907553152182,84.1907553152182,77.0416150060207,7515.87458067308,0.0506913853555489,16.9793591805054,46.566010116762,7.36118743980895,0.439510469883577,0.149833114733038,0.199991938768545,10.9099191315775,10.8936664808343,10.0,0.757585747069243,1.33572267706353,1.33572267706353,2.00358401559529,2.00358401559529,1.15243674076366,1.01493408066214,1.1746605175243,-10.0175250504838,12.208280365702,1376.87098231652,13.1532780725118,0.173227495989067,380.9900946528736,118,72.06502695223799,72.06502695223799,74.97215097136353,4342.115480355493,0.03440738208626189,149.400826395264,16.05963008532642,65.26638337084341,7.207370443678767,,,0.201,12.865145615193198,11.837536079830986,10,1.6841992004469355,1.4687475043710638,1,1.5,1.5,2,1.013807882448448,1.0064380078588067,-20,10.065026952237982,,11.55004073070057,0.040290552688496524,False,False,117,0.00046799999999791453,118,109.69583099429138,79.69583099429138,88.99234810151505,5258.703108899094,,,15.949145601070533,64.30978233318515,7.213782951682321,,,0.201,,,,,1.214283508690379,1.214283508690379,1.8214252630355685,1.8214252630355685,1.4235657704946303,1.0141679692731174,1.1135636812164704,-13.637197725410376,11.333028719701751,,,,False,False,117,0.00046799999999791453
135,2.1333254,127.999524,117.99952799999998,84.3669676444768,84.3669676444768,76.7656737873912,7545.53020933754,0.0499530731914274,16.8356231834759,46.5557524817842,7.36127526846296,0.439501854557451,0.14983017769004,0.199988000173191,10.9101106422724,10.8937068571917,10.0,0.757082587999321,1.34065775585404,1.34065775585404,2.01098663378105,2.01098663378105,1.14221515454556,1.01516309248511,1.17724009529165,-9.88061834088043,12.2475859853572,1371.14614160189,13.1532780725118,0.165224200515383,376.9224228151647,119,72.06467946208687,72.06467946208687,74.87506445329927,4341.974971825409,0.034272727582440154,148.8113253791455,16.050320437505565,65.48591734957623,7.2059120756864505,,,0.201,12.882290739439853,11.845017758352464,10,1.6916881758493663,1.4703976201059001,1,1.5,1.5,2,1.013740086734123,1.006403941224224,-20,10.064679462086866,,11.542859123828363,0.03851123926652447,False,False,118,0.0004720000000162372,119,109.73920960223086,79.73920960223086,88.92735271332772,5261.227301882663,,,15.93607439092954,64.49320468773256,7.212546033624316,,,0.201,,,,,1.2154058893192115,1.2154058893192115,1.823108833978817,1.823108833978817,1.4208831857650988,1.0142781728060952,1.1141792263515047,-13.602097630813848,11.341307233044699,,,,False,False,118,0.0004720000000162372
136,2.149992,128.99952000000002,118.99952400000001,84.3532971793586,84.3532971793586,76.813523601265,7533.27530639158,0.0492209256978023,16.6929813583838,46.546179967963,7.3613563118255,0.43949312455576,0.1498272015531,0.199984009397356,10.9097752069364,10.8932210880648,10.0,0.75661844847491,1.3402199790103,1.3402199790103,2.01032996851545,2.01032996851545,1.14311942962325,1.01539555041261,1.17713765472195,-9.89272430806422,12.2460214874228,1372.28722830966,12.828634272121,0.157862564968631,370.7947841169888,120,72.06433372939053,72.06433372939053,74.77640810050036,4341.774303727449,0.03414131174341105,148.23387002309028,16.041647974134502,65.70570588308225,7.204456906000485,,,0.201,12.899355026503237,11.852421604103746,10,1.6990992822799396,1.472069630187893,1,1.5,1.5,2,1.0136726269065264,1.0063700433670615,-20,10.064333729390528,,11.536167814457126,0.03686644526097426,False,False,119,0.0004759999999919273,120,109.78296774805197,79.78296774805197,88.86192018787993,5263.745818150044,,,15.923851876695757,64.67650839050367,7.211313425171956,,,0.201,,,,,1.2165383902286582,1.2165383902286582,1.8248075853429873,1.8248075853429873,1.4181798306303832,1.0143887539199636,1.1148000123222626,-13.56669973546655,11.349667483518532,,,,False,False,119,0.0004759999999919273
137,2.1666586,129.999516,119.99951999999999,84.4074671275241,84.4074671275241,76.7430700596525,7536.66180679573,0.0484966585139142,16.5517333877065,46.537201999301,7.36143154571658,0.439484407686387,0.149824229893087,0.19998002459789,10.9096759133894,10.8929711146961,10.0,0.756187706945639,1.34170597459064,1.34170597459064,2.01255896188596,2.01255896188596,1.14005188445716,1.01562642550679,1.17799534706142,-9.85166240281252,12.2591295303366,1370.88899700891,12.828634272121,0.149927072442773,365.5029139790321,121,72.0639897451097,72.0639897451097,74.67681636430436,4341.5338746490925,0.034012958903122274,147.66841325495278,16.033570970220612,65.92570630386004,7.203005199965626,,,0.201,12.916335786292885,11.85974531724841,10,1.7064302200816328,1.4737519170580446,1,1.5,1.5,2,1.0136055013057552,1.0063363134532632,-20,10.06398974510969,,11.529934481409173,0.03534519486379222,False,False,120,0.00048000000001025,121,109.8268517887746,79.8268517887746,88.79643251438048,5266.254544043756,,,15.912425119656026,64.85969606490285,7.210085082107333,,,0.201,,,,,1.2176743476712717,1.2176743476712717,1.8265115215069074,1.8265115215069074,1.415471671332859,1.014499713090322,1.115422713621782,-13.53121308807507,11.358064876849683,,,,False,False,120,0.00048000000001025
138,2.1833252,130.999512,120.999516,84.4065520936965,84.4065520936965,76.7659917041512,7528.12133783219,0.0477796295194657,16.4117430450979,46.5288463227061,7.36150061351476,0.439475659384091,0.149821247517304,0.199976025496128,10.9094473659171,10.8925920961185,10.0,0.755792376203317,1.34162985798943,1.34162985798943,2.01244478698415,2.01244478698415,1.14020887867498,1.01585755675673,1.17807289244409,-9.85376358089361,12.2603156745901,1371.4611383074,12.828634272121,0.142643063525389,359.6908484992065,122,72.06364750025304,72.06364750025304,74.57671465878056,4341.266271324815,0.03388750397964594,147.11467804622234,16.026050678258944,66.14588312514749,7.201557172156973,,,0.201,12.933230735723678,11.866986977527407,10,1.7136790691738983,1.4754367307814125,1,1.5,1.5,2,1.0135387082800764,1.0063027506528777,-20,10.06364750025304,,11.524129134846067,0.03393745924907634,False,False,121,0.000484000000000151,122,109.87073032151845,79.87073032151845,88.73108527256348,5268.7512505024515,,,15.901744289823595,65.04276998286244,7.208860963006159,,,0.201,,,,,1.2188103134947943,1.2188103134947943,1.8282154702421916,1.8282154702421916,1.4127669419608413,1.014611047913954,1.1160456081358108,-13.495745921677699,11.366476243196152,,,,False,False,121,0.000484000000000151
139,2.1999918,131.999508,121.99951199999998,84.5701516038416,84.5701516038416,76.507705746804,7555.31271975421,0.0470695850519245,16.2729474434641,46.5211189341929,7.36156337316924,0.439466915902096,0.149818266784805,0.199972028588493,10.9097483971125,10.8927418432704,10.0,0.755433241516585,1.34623110316392,1.34623110316392,2.01934665474588,2.01934665474588,1.13074445778299,1.01608728134097,1.18048607670086,-9.72716129595984,12.2973128998015,1366.08881311237,12.5011077404841,0.135954264157698,355.62543465635775,123,72.063306985877,72.063306985877,74.47754142352748,4340.5923492979755,0.03376480983417853,146.55927524173637,16.01905534922982,66.36620556297564,7.200113003430827,,,0.201,12.950037925188743,11.874144975507791,10,1.7208442203014194,1.4771511947773288,1,1.5,1.5,2,1.0134722461858878,1.0062693541400383,-20,10.063306985877004,,11.518723924998618,0.032634074254231,False,False,122,0.00048800000001847366,123,109.91505226591842,79.91505226591842,88.66536829595786,5270.210340449667,,,15.89177011726041,65.2257300058451,7.2076410429081585,,,0.201,,,,,1.2199581271347266,1.2199581271347266,1.8299371907020898,1.8299371907020898,1.4100375048304723,1.0147227658670577,1.116674608460773,-13.459929327282758,11.374981593201184,,,,False,False,122,0.00048800000001847366
140,2.2166584,132.999504,122.99950799999999,84.5184184127511,84.5184184127511,76.6194747166633,7535.40380742926,0.0463659881039462,16.1352075171142,46.5139310443237,7.36162081492369,0.43945806574807,0.149815249686842,0.19996798314228,10.9094341101531,10.8922772379041,10.0,0.755104612617288,1.34470718883981,1.34470718883981,2.01706078325972,2.01706078325972,1.13387321299506,1.01632075188802,1.1798416167695,-9.76899800115793,12.287416413909,1368.57185623757,12.5011077404841,0.12870369146539,349.386443293696,124,72.06296819308545,72.06296819308545,74.37395453115347,4337.583866080612,0.033644836753401665,145.93730107847105,16.012577143720502,66.58664499283121,7.198672858066398,,,0.201,12.96675563781628,11.881217919183564,10,1.7279242816349443,1.4791066871685736,1,1.5,1.5,2,1.0134061133876764,1.006236123092944,-20,10.062968193085446,,11.513696032258935,0.031426670372101694,False,False,123,0.0004920000000083746,124,109.96997324912101,79.96997324912101,88.5843857887964,5267.0071158164765,,,15.882493243868648,65.40857420364914,7.206425308978391,,,0.201,,,,,1.2213854594541234,1.2213854594541234,1.832078189181185,1.832078189181185,1.4066482945640153,1.0148350973907823,1.1174434199308636,-13.41541995518918,11.385393204310198,,,,False,False,123,0.0004920000000083746
141,2.233325,133.99949999999998,123.99950399999997,84.5879805073424,84.5879805073424,76.5198853711399,7542.77560292265,0.0456701781194476,15.9987787925367,46.5073232495497,7.36167251950565,0.439449255671153,0.14981224625153,0.199963955933216,10.9095169810439,10.8922091752617,10.0,0.754808867674001,1.34663751002797,1.34663751002797,2.01995626504195,2.01995626504195,1.12991103531028,1.01655137887503,1.18092112569648,-9.71601973549565,12.3040002428381,1366.53679714239,12.5011077404841,0.122061618298413,344.47990530050123,125,72.06263111302941,72.06263111302941,74.23245765156935,4331.955293216278,0.03352755919689574,145.2398875316146,16.006614000352492,66.80719536819115,7.197236751301326,,,0.201,12.983382292499504,11.888204544422642,10,1.7349179892182565,1.4815588961677522,1,1.5,1.5,2,1.0133403082579804,1.0062030566938382,-20,10.062631113029413,,11.509039822049111,0.030307630326138753,False,False,124,0.0004960000000266973,125,110.05651018678836,80.05651018678836,88.4557883348236,5262.923688077506,,,15.873878890572547,65.59133453977593,7.205213524058122,,,0.201,,,,,1.2236467330270104,1.2236467330270104,1.8354700995405158,1.8354700995405158,1.401290009897211,1.014948733338523,1.118629091842383,-13.344973861206222,11.401484047994579,,,,False,False,124,0.0004960000000266973
142,2.2499916,134.999496,124.9995,84.6044088787492,84.6044088787492,76.5122159395507,7538.35579346334,0.0449810504791494,15.863436064203,46.5013297335694,7.36171807841204,0.439440403452233,0.149809228449625,0.199959909548884,10.9094755516505,10.8920170152328,10.0,0.75454832342075,1.34705505414997,1.34705505414997,2.02058258122496,2.02058258122496,1.12905520016643,1.016782845754,1.18124542242491,-9.70457975373177,12.3089886324809,1366.43796926061,12.1998260456847,0.115974095283172,339.08316247556286,126,72.06229573690688,72.06229573690688,74.08323402419205,4328.930194550777,0.03341270871287369,144.64128362888874,16.001107736196445,67.02788948603911,7.195804446393394,,,0.201,12.999917133954684,11.895104345929274,10,1.74182483793061,1.4840336258337514,1,1.5,1.5,2,1.0132748291773492,1.0061701541289902,-20,10.062295736906881,,11.504753812753354,0.02927002530032297,False,False,125,0.0005000000000023874,126,110.12822404743308,80.12822404743308,88.34955988992893,5265.40899149643,,,15.865838276600144,65.77405837634889,7.204005351900254,,,0.201,,,,,1.2255178902779986,1.2255178902779986,1.8382768354169978,1.8382768354169978,1.39686644222745,1.015063341100878,1.1196205528631218,-13.28674676132528,11.414970808758355,,,,False,False,125,0.0005000000000023874
143,2.2666582,135.999492,125.99949600000001,84.7011932352665,84.7011932352665,76.3653224426525,7551.57538542903,0.0442991041264191,15.7292450483873,46.4958355605834,7.36175864356346,0.439431545238187,0.149806208603927,0.19995586043731,10.909704948937,10.8920952521491,10.0,0.754316375576309,1.34976710533891,1.34976710533891,2.02465065800837,2.02465065800837,1.12350685891118,1.01701360852505,1.18271547337931,-9.63044515403976,12.3316383893063,1363.41534205261,12.1998260456847,0.109438212335853,334.52802431762404,127,72.06196205596247,72.06196205596247,73.94883454260084,4329.611396962274,0.03329998315291942,144.17598657753163,15.995988762919866,67.24873732881268,7.194375856947602,,,0.201,13.016360731039756,11.901918030267867,10,1.7486455345105412,1.4860562379695494,1,1.5,1.5,2,1.0132096745343042,1.0061374145886748,-20,10.061962055962473,,11.500796185391195,0.02830747901192725,False,False,126,0.0005039999999922884,127,110.17643258935547,80.17643258935547,88.27806320377321,5273.500997367821,,,15.858291418365447,65.95674719491011,7.202800762034912,,,0.201,,,,,1.226769350585675,1.226769350585675,1.8401540258785123,1.8401540258785123,1.3939130898367136,1.0151783989356444,1.1203029611679836,-13.247837658059353,11.424270247414826,,,,False,False,126,0.0005039999999922884
144,2.2833248,136.99948799999999,126.99949199999999,84.7105619854011,84.7105619854011,76.3701642791947,7545.60241150709,0.0436240497234421,15.5961379761946,46.4908728471914,7.36179403055233,0.439422626444889,0.149803168106212,0.199951783793298,10.9097007732571,10.8919402962728,10.0,0.754114065155591,1.34998355736149,1.34998355736149,2.02497533604224,2.02497533604224,1.12306482414707,1.01724643062928,1.1829400022167,-9.62454118362335,12.3351031690244,1363.59868459796,12.1998260456847,0.103462743247053,329.16973479290994,128,72.06163006148721,72.06163006148721,73.86396694911751,4333.5640513045555,0.03318912230021629,143.82718729456766,15.991193768079274,67.46971570362861,7.192951111150516,,,0.201,13.03271284982712,11.908645568198194,10,1.7553800498911,1.4873645848107289,1,1.5,1.5,2,1.0131448427253005,1.0061048372671522,-20,10.061630061487211,,11.497116923348655,0.027414104276600862,False,False,127,0.0005080000000106111,128,110.18521191746993,80.18521191746993,88.26571971926224,5282.5060467167,,,15.851196068944798,66.13936145608625,7.201599993635625,,,0.201,,,,,1.226980341228222,1.226980341228222,1.8404705118423332,1.8404705118423332,1.3934155782032978,1.0152930380425322,1.1204658799113192,-13.24128049817389,11.426492415643814,,,,False,False,127,0.0005080000000106111
145,2.2999914,137.999484,127.999488,72.083451335365,72.083451335365,76.3471808599684,5713.87955067067,0.042945406444933,15.4620435872259,46.4864927758578,7.36182349223402,0.439413702575235,0.149800125877921,0.199947704840121,10.8735981632836,10.8557461779402,10.0,0.753945650983951,0.0,1.0,1.5,1.5,2.0,1.01747844181059,1.0082392209053,-20.0,10.083451335365,1383.25496301454,12.1998260456847,0.0979967586412662,245.38487968094307,129,72.06129974481826,72.06129974481826,73.79496699372339,4335.699359560082,0.03308012132760693,143.42546085427517,15.986718458083017,67.69076221118144,7.191530586962623,,,0.201,13.04897216293309,11.915285931797847,10,1.762027356322291,1.488440026426202,1,1.5,1.5,2,1.0130803321546875,1.0060724213626502,-20,10.061299744818262,,11.49367052080698,0.026584467522905407,False,False,128,0.000512000000000512,129,110.20411997123291,80.20411997123291,88.23831735638277,5285.966276680561,,,15.84456130299144,66.3218495335296,7.200403362341146,,,0.201,,,,,1.2274587449908727,1.2274587449908727,1.841188117486309,1.841188117486309,1.392287950430909,1.0154074830932138,1.120762162144207,-13.226415642575912,11.430535613808834,,,,False,False,128,0.000512000000000512
146,2.316658,138.99948,128.999484,72.0830663922533,72.0830663922533,63.9543657461471,6360.41077860456,0.0422899337214004,15.3319808756439,46.481411530638,7.3618597075608,0.439402623855115,0.149796349041517,0.199942645359855,10.8735338087045,10.8555316544529,10.0,0.753738656265341,0.0,1.0,1.5,1.5,2.0,1.01740337723622,1.00820168861811,-20.0,10.0830663922533,1129.4587401552,11.3707648616381,0.0915314527576165,268.98135026806756,130,72.06097109733867,72.06097109733867,73.72269936424462,4336.686423946171,0.03297294388193915,142.99331809034447,15.982553492787904,67.9118414062998,7.190114484955564,,,0.201,13.06513612600361,11.921836985192433,10,1.7685853181012847,1.489583460213772,1,1.5,1.5,2,1.0130161412346705,1.006040166077344,-20,10.060971097338667,,11.490453891747169,0.025813619385645973,False,False,129,0.0005160000000046239,130,110.23294699333147,80.23294699333147,88.19625925152987,5288.436417159898,,,15.838364767145919,66.50420817185653,7.199210864400901,,,0.201,,,,,1.228199075794604,1.228199075794604,1.842298613691906,1.842298613691906,1.3905441435604724,1.0155219528436596,1.1211891799060116,-13.203420404537955,11.436367397869414,,,,False,False,129,0.0005160000000046239
147,2.3333246,139.99947600000002,129.99948,72.0826876266633,72.0826876266633,63.3183625001567,6388.56141601685,0.0416251704078681,15.1997524351125,46.4771325227926,7.36188879754229,0.439389571821505,0.149791899484604,0.199936687958056,10.873510381243,10.8553579977853,10.0,0.753572408291802,0.0,1.0,1.5,1.5,2.0,1.01732950894634,1.00816475447317,-20.0,10.0826876266633,1115.85472239899,11.3707648616381,0.0847009397673417,265.92495760283254,131,72.06064411047709,72.06064411047709,73.64341027260267,4337.092998792003,0.03286752892161938,142.54952957354905,15.97868502398105,68.13293467810676,7.188702895694611,,,0.201,13.081203170141135,11.92829748755436,10,1.7750526945711995,1.4908475333578386,1,1.5,1.5,2,1.012952268385272,1.0060080706173353,-20,10.060644110477085,,11.487460322941306,0.025097042498266362,False,False,130,0.0005199999999945248,131,110.26824693779088,80.26824693779088,88.14468325310357,5290.731393870866,,,15.83257987576523,66.68644180315479,7.198022445996297,,,0.201,,,,,1.229110448323562,1.229110448323562,1.843665672485343,1.843665672485343,1.3883994579649612,1.0156365891508026,1.121701645359449,-13.175126234042533,11.443373171833409,,,,False,False,130,0.0005199999999945248
148,2.3499912,140.999472,130.999476,72.082311460544,72.082311460544,63.304544595558,6384.86322623888,0.0409677494492944,15.0686299341152,46.4732978908948,7.36191350468253,0.439376530544948,0.149787453594868,0.199930735452156,10.8735121015293,10.8552094534306,10.0,0.753431222517975,0.0,1.0,1.5,1.5,2.0,1.01725613942161,1.0081280697108,-20.0,10.082311460544,1115.09762331483,11.3707648616381,0.0785132412836924,261.57347692056794,132,72.06031877570756,72.06031877570756,73.5581900100874,4337.188708360269,0.03276380627972757,142.10281063933766,15.975097658096626,68.35403197522015,7.187295854092833,,,0.201,13.097172326175457,11.934666747641723,10,1.7814287946600016,1.4922091212164788,1,1.5,1.5,2,1.0128887120342942,1.005976134192636,-20,10.06031877570756,,11.484679860986379,0.024430605331920673,False,False,131,0.0005240000000128475,132,110.30698853889527,80.30698853889527,88.08810010012239,5293.031306781814,,,15.827180347978178,66.86855550217217,7.19683804967751,,,0.201,,,,,1.2301129001849815,1.2301129001849815,1.8451693502774722,1.8451693502774722,1.3860429881784087,1.0157514665361649,1.1222596882177995,-13.144022203742942,11.451010742638207,,,,False,False,131,0.0005240000000128475
149,2.3666578,141.999468,131.999472,72.0819369263394,72.0819369263394,63.220010715848,6382.95427892434,0.0403113405873352,14.9373483428269,46.4699121990004,7.36193296347685,0.43936356430041,0.149783033284231,0.19992481708937,10.8735438982039,10.8550909406221,10.0,0.753320037092635,0.0,1.0,1.5,1.5,2.0,1.01718308007959,1.0080915400398,-20.0,10.0819369263394,1113.01199485136,10.9496921757457,0.072905588227048,257.30544389110764,133,72.05999508454923,72.05999508454923,73.46886784124705,4337.104432859148,0.03266170375717976,141.65722014999662,15.971775793683713,68.5751277986638,7.185893365686426,,,0.201,13.113042931933244,11.940944355344529,10,1.7877132084267235,1.4936351853415826,1,1.5,1.5,2,1.01282547061728,1.0059443560171473,-20,10.059995084549234,,11.48210144175695,0.0238105242022183,False,False,132,0.0005280000000027485,133,110.3474655200237,80.3474655200237,88.02904291336334,5295.343794877889,,,15.822141406046105,67.0505535368377,7.195657623801019,,,0.201,,,,,1.2311614181658417,1.2311614181658417,1.8467421272487625,1.8467421272487625,1.383581085033856,1.0158666216575076,1.1228408616419205,-13.11150902848683,11.458974548510545,,,,False,False,132,0.0005280000000027485
150,2.3833244,142.999464,132.99946799999998,72.0815651771073,72.0815651771073,63.1543526529986,6379.4322840532,0.0396564191794368,14.8059890220688,46.4671151812894,7.36194656223506,0.439350630596118,0.149778624066858,0.199918913534541,10.8736092892634,10.8550059700904,10.0,0.753242340175348,0.0,1.0,1.5,1.5,2.0,1.0171105559843,1.00805527799215,-20.0,10.0815651771073,1111.36367044492,10.9496921757457,0.0667354734441425,252.98544078324562,134,72.05967302856612,72.05967302856612,73.37695661703147,4336.909918521519,0.032561150114740915,141.21477489108798,15.968704162494314,68.79621921628332,7.184495419642204,,,0.201,13.128814491201615,11.947130052377705,10,1.7939056777544815,1.4950991549527106,1,1.5,1.5,2,1.012762542577476,1.0059127353086401,-20,10.059673028566122,,11.47971385171017,0.023233330565410836,False,False,133,0.0005320000000210712,134,110.3887577950779,80.3887577950779,87.9688743393346,5297.660687360019,,,15.817439816780967,67.23243942031218,7.19448112211458,,,0.201,,,,,1.232231727202452,1.232231727202452,1.8483475908036782,1.8483475908036782,1.3810710253616112,1.0159820707791003,1.1234330585663788,-13.07834175112958,11.467099546207484,,,,False,False,133,0.0005320000000210712
151,2.399991,143.99946,133.999464,72.0811965648888,72.0811965648888,63.1058799481465,6374.88971217055,0.0390047946143512,14.6749014957075,46.4649725995785,7.36195374011232,0.439337725646431,0.149774224652192,0.199913023065076,10.8737114875485,10.8549577477425,10.0,0.753201330768206,0.0,1.0,1.5,1.5,2.0,1.01703863600287,1.00801931800144,-20.0,10.0811965648888,1110.10777359406,10.9496921757457,0.0611777569240963,248.65126391235273,135,72.05935259936686,72.05935259936686,73.28352355689599,4336.645297340986,0.032462076431826796,140.77651110000534,15.96586806439479,69.0173047906451,7.183101995766947,,,0.201,13.144486603916397,11.953223668276008,10,1.80000603234539,1.4965825161826134,1,1.5,1.5,2,1.012699926365795,1.0058812712887382,-20,10.059352599366857,,11.477506116792789,0.022695842099022256,False,False,134,0.0005360000000109721,135,110.43039233712673,80.43039233712673,87.9082924200584,5299.974087536983,,,15.813053817501494,67.41421607889554,7.193308502602722,,,0.201,,,,,1.2333113472404234,1.2333113472404234,1.849967020860635,1.849967020860635,1.3785422071603866,1.0160978196984003,1.1240300533361416,-13.044908387110157,11.475300724236895,,,,False,False,134,0.0005360000000109721
152,2.4166576,144.999456,134.99946,72.0808299535453,72.0808299535453,63.0286952229725,6371.54734909916,0.0383578562262933,14.5443719882554,46.463647104429,7.36195277712198,0.439324847953559,0.149769834529622,0.199907144999426,10.8738603131289,10.8549560750497,10.0,0.753206832559954,0.0,1.0,1.5,1.5,2.0,1.01696709862472,1.00798354931236,-20.0,10.0808299535453,1108.30020955089,10.9496921757457,0.0561700755242969,244.39889715576578,136,72.05903378860442,72.05903378860442,73.18927842167685,4336.334781912822,0.03236441670032299,140.34294583393077,15.963253460580816,69.23838395719092,7.181713068558243,,,0.201,13.16005892859965,11.959225085958657,10,1.8060141552852012,1.4980730587210465,1,1.5,1.5,2,1.0126376204407772,1.0058499631828974,-20,10.05903378860443,,11.475467671283756,0.022195136825336432,False,False,135,0.0005400000000008731,136,110.47212805835213,80.47212805835213,87.84765098438106,5302.279442810045,,,15.808963017213024,67.5958859944267,7.192139726514854,,,0.201,,,,,1.2343939188405326,1.2343939188405326,1.851590878260799,1.851590878260799,1.3760095769495346,1.0162138688951308,1.1246286723100463,-13.01140659039175,11.483534648743868,,,,False,False,135,0.0005400000000008731
153,2.4333242,145.999452,135.99945599999998,72.0804646886904,72.0804646886904,62.9429955335403,6368.65538072959,0.0377159456630139,14.414460475478,46.4631894991309,7.36194308770346,0.439311980199198,0.149765447795181,0.199901271457195,10.8740591070699,10.8550042852898,10.0,0.753262191625254,0.0,1.0,1.5,1.5,2.0,1.01689581626226,1.00794790813113,-20.0,10.0804646886904,1106.3699866941,10.5783563291883,0.0516562349751073,240.19986028605834,137,72.05871658797597,72.05871658797597,73.09468155673262,4335.993363386041,0.03226810812655349,139.91430268575908,15.960847022524389,69.4594566684414,7.180328609514472,,,0.201,13.175531160745535,11.965134221918579,10,1.811929963232544,1.4995629232213832,1,1.5,1.5,2,1.012575623268554,1.0058188102203887,-20,10.058716587975958,,11.224162589470886,0.021343988984905384,False,False,136,0.0005440000000191958,137,110.51384316061326,80.51384316061326,87.78712713015503,5304.574324439242,,,15.805148308240947,67.77745130278838,7.190974757690374,,,0.201,,,,,1.2354762312155843,1.2354762312155843,1.8532143468233764,1.8532143468233764,1.3734806559030026,1.0163302161790686,1.1252273119397498,-12.97793614192917,11.491779302542437,,,,False,False,136,0.0005440000000191958
154,2.4499908,146.999448,136.999452,72.0801035619446,72.0801035619446,62.8643334727929,6365.63413636402,0.0370783775852922,14.2850158368593,46.463683473363,7.36192435063722,0.439299114354761,0.149761061711851,0.199895398785115,10.8743097703891,10.855104274052,10.0,0.753369248901436,0.0,1.0,1.5,1.5,2.0,1.01682533387801,1.007912666939,-20.0,10.0801035619445,1104.59983049841,10.5783563291883,0.0467663314393961,236.02738607793057,138,72.05840098922242,72.05840098922242,73.00121939180724,4335.236744124825,0.03217310939694408,139.4780460303797,15.958640634510013,69.68052186661671,7.178948596702879,,,0.201,13.190903020488806,11.970951014917045,10,1.8177533951135765,1.5010813780493806,1,1.5,1.5,2,1.0125139333228108,1.005787811634277,-20,10.058400989222426,,11.22247056271246,0.020559262793752097,False,False,137,0.0005480000000090968,138,110.55603577548978,80.55603577548978,87.72613867868702,5305.794947061011,,,15.801599842671063,67.95891160618324,7.189813576504908,,,0.201,,,,,1.2365714766883957,1.2365714766883957,1.8548572150325935,1.8548572150325935,1.3709246717320664,1.0164468703226028,1.1258325606953878,-12.944089819093723,11.500125594583494,,,,False,False,137,0.0005480000000090968
155,2.4666574,147.99944399999998,137.99944799999997,0.0,72.0797446827665,62.8273904480054,0.0,0.0364477935830155,14.1565680166321,46.4651503192117,7.36189604124593,0.439286249410174,0.149756675935287,0.199889526523568,10.8746152828604,10.8552590136564,10.0,0.753531013695465,0.0,1.0,1.5,1.5,2.0,1.01675528268612,1.00787764134306,-20.0,10.0797446827665,1103.69474583242,10.5783563291883,0.0423891680823497,0.0,139,72.05808698412845,72.05808698412845,72.90330198918325,4332.151191127678,0.032079469939189115,138.97311390780268,15.956648934769579,69.90157572069764,7.177573025609592,,,0.201,13.206174207984173,11.976675385441636,10,1.8234843715799491,1.5028329043636426,1,1.5,1.5,2,1.0124525490847496,1.0057569666614055,-20,10.05808698412845,,11.220919196139853,0.01983529922547863,False,False,138,0.0005520000000274194,139,110.6093399029892,80.6093399029892,87.6493818335857,5302.3460535437125,,,15.79833625076522,68.14026472891959,7.188656174833326,,,0.201,,,,,1.2379612346877973,1.2379612346877973,1.8569418520316958,1.8569418520316958,1.367685948356352,1.01656407371127,1.126585071887856,-12.901177590473647,11.510517493462851,,,,False,False,138,0.0005520000000274194
156,2.483324,148.99944,138.999444,0.0,72.0793994184346,21.8220192578077,0.0,0.0335336000894809,12.773575608249,40.6520771802773,7.41992660126859,0.439268397277426,0.149750589980941,0.199881384930533,10.5901093713031,10.5711132115894,10.0,0.469391970931611,0.0,1.0,1.5,1.5,2.0,1.01668788200161,1.00784394100081,-20.0,10.0793994184346,266.818847265351,6.75717332129475,0.0349099369853076,0.0,140,72.05777456452203,72.05777456452203,72.76835900623946,4326.468153603453,0.03198724690243034,138.39180504481558,15.954890474292009,70.12263299520812,7.176201776521418,,,0.201,13.22134435625401,11.982307193034822,10,1.8291227523373892,1.5050273377834589,1,1.5,1.5,2,1.0123914690430524,1.0057262745423747,-20,10.057774564522031,,11.219518782259861,0.01916699343002915,False,False,139,0.0005559999999888987,140,110.6943292231011,80.6943292231011,87.52596041012295,5298.0691164638965,,,15.795347969451669,68.32154242819047,7.187502328897448,,,0.201,,,,,1.2401910345892868,1.2401910345892868,1.8602865518839302,1.8602865518839302,1.3625002366127887,1.0166825198429181,1.127757458632984,-12.832411342348134,11.526740565449227,,,,False,False,139,0.0005559999999888987
